"nation","year_to_survive_to","deferral_reduction","idu_type","deferral_effect_year","calibration_prevalence_1991","donor_non_clearance","contamination_constant","contamination_constant_prop","units_per_donation_scenario","trans_survival_years","hepc_survival_hazard","survivor_non_clearance","trans_survival_hazard_scenario","total_infected","total_chronic_infected","total_chronic_survived_transfusion","chronic_infected_survived_long_hepc_trans","died_trans_hcv","excess_deaths_hcv"
"England",2019,0.67,"ever",1985,0.066,0.74,0,0,"NBTSS",10,1.53,0.82,"basic",22763,18666,6899,2417,16249,1553
"England",2019,0.67,"ever",1985,0.066,0.74,0.0165,0.25,"NBTSS",10,1.53,0.82,"basic",22098,18120,6697,2345,15776,1508
"England",2019,0.67,"ever",1985,0.066,0.74,0.033,0.5,"NBTSS",10,1.53,0.82,"basic",21432,17574,6495,2272,15302,1463
"England",2019,0.67,"ever",1985,0.066,0.74,0.066,1,"NBTSS",10,1.53,0.82,"basic",20101,16483,6092,2128,14355,1373
"England",2019,0.67,"ever",1986,0.066,0.74,0,0,"NBTSS",10,1.53,0.82,"basic",24358,19973,7382,2601,17373,1656
"England",2019,0.67,"ever",1986,0.066,0.74,0.0165,0.25,"NBTSS",10,1.53,0.82,"basic",23294,19101,7060,2483,16618,1586
"England",2019,0.67,"ever",1986,0.066,0.74,0.033,0.5,"NBTSS",10,1.53,0.82,"basic",22229,18228,6737,2364,15864,1515
"England",2019,0.67,"ever",1986,0.066,0.74,0.066,1,"NBTSS",10,1.53,0.82,"basic",20101,16483,6092,2128,14355,1373
"England",2019,0.33,"ever",1985,0.066,0.74,0,0,"NBTSS",10,1.53,0.82,"basic",14683,12040,4450,1631,10409,977
"England",2019,0.33,"ever",1985,0.066,0.74,0.0165,0.25,"NBTSS",10,1.53,0.82,"basic",16038,13151,4861,1755,11396,1076
"England",2019,0.33,"ever",1985,0.066,0.74,0.033,0.5,"NBTSS",10,1.53,0.82,"basic",17392,14261,5271,1879,12382,1175
"England",2019,0.33,"ever",1985,0.066,0.74,0.066,1,"NBTSS",10,1.53,0.82,"basic",20101,16483,6092,2128,14355,1373
"England",2019,0.33,"ever",1986,0.066,0.74,0,0,"NBTSS",10,1.53,0.82,"basic",15068,12356,4567,1675,10681,1002
"England",2019,0.33,"ever",1986,0.066,0.74,0.0165,0.25,"NBTSS",10,1.53,0.82,"basic",16326,13388,4948,1788,11599,1095
"England",2019,0.33,"ever",1986,0.066,0.74,0.033,0.5,"NBTSS",10,1.53,0.82,"basic",17584,14419,5329,1902,12518,1187
"England",2019,0.33,"ever",1986,0.066,0.74,0.066,1,"NBTSS",10,1.53,0.82,"basic",20101,16483,6092,2128,14355,1373
"England",2019,0.67,"ever",1985,0.066,0.74,0,0,"NBTSS",10,1.53,0.82,"age",22763,18666,6899,2298,16368,1594
"England",2019,0.67,"ever",1985,0.066,0.74,0.0165,0.25,"NBTSS",10,1.53,0.82,"age",22098,18120,6697,2229,15891,1548
"England",2019,0.67,"ever",1985,0.066,0.74,0.033,0.5,"NBTSS",10,1.53,0.82,"age",21432,17574,6495,2161,15414,1502
"England",2019,0.67,"ever",1985,0.066,0.74,0.066,1,"NBTSS",10,1.53,0.82,"age",20101,16483,6092,2024,14459,1409
"England",2019,0.67,"ever",1986,0.066,0.74,0,0,"NBTSS",10,1.53,0.82,"age",24358,19973,7382,2472,17501,1701
"England",2019,0.67,"ever",1986,0.066,0.74,0.0165,0.25,"NBTSS",10,1.53,0.82,"age",23294,19101,7060,2360,16741,1628
"England",2019,0.67,"ever",1986,0.066,0.74,0.033,0.5,"NBTSS",10,1.53,0.82,"age",22229,18228,6737,2248,15980,1555
"England",2019,0.67,"ever",1986,0.066,0.74,0.066,1,"NBTSS",10,1.53,0.82,"age",20101,16483,6092,2024,14459,1409
"England",2019,0.33,"ever",1985,0.066,0.74,0,0,"NBTSS",10,1.53,0.82,"age",14683,12040,4450,1550,10490,1005
"England",2019,0.33,"ever",1985,0.066,0.74,0.0165,0.25,"NBTSS",10,1.53,0.82,"age",16038,13151,4861,1668,11482,1106
"England",2019,0.33,"ever",1985,0.066,0.74,0.033,0.5,"NBTSS",10,1.53,0.82,"age",17392,14261,5271,1787,12475,1207
"England",2019,0.33,"ever",1985,0.066,0.74,0.066,1,"NBTSS",10,1.53,0.82,"age",20101,16483,6092,2024,14459,1409
"England",2019,0.33,"ever",1986,0.066,0.74,0,0,"NBTSS",10,1.53,0.82,"age",15068,12356,4567,1592,10764,1030
"England",2019,0.33,"ever",1986,0.066,0.74,0.0165,0.25,"NBTSS",10,1.53,0.82,"age",16326,13388,4948,1700,11687,1125
"England",2019,0.33,"ever",1986,0.066,0.74,0.033,0.5,"NBTSS",10,1.53,0.82,"age",17584,14419,5329,1808,12611,1220
"England",2019,0.33,"ever",1986,0.066,0.74,0.066,1,"NBTSS",10,1.53,0.82,"age",20101,16483,6092,2024,14459,1409
"England",2019,0.67,"ever",1985,0.066,0.74,0,0,"NBTSS",10,1.53,0.82,"none",22763,18666,6899,2475,16191,1532
"England",2019,0.67,"ever",1985,0.066,0.74,0.0165,0.25,"NBTSS",10,1.53,0.82,"none",22098,18120,6697,2402,15719,1488
"England",2019,0.67,"ever",1985,0.066,0.74,0.033,0.5,"NBTSS",10,1.53,0.82,"none",21432,17574,6495,2328,15246,1444
"England",2019,0.67,"ever",1985,0.066,0.74,0.066,1,"NBTSS",10,1.53,0.82,"none",20101,16483,6092,2180,14302,1355
"England",2019,0.67,"ever",1986,0.066,0.74,0,0,"NBTSS",10,1.53,0.82,"none",24358,19973,7382,2664,17309,1634
"England",2019,0.67,"ever",1986,0.066,0.74,0.0165,0.25,"NBTSS",10,1.53,0.82,"none",23294,19101,7060,2543,16558,1565
"England",2019,0.67,"ever",1986,0.066,0.74,0.033,0.5,"NBTSS",10,1.53,0.82,"none",22229,18228,6737,2422,15806,1495
"England",2019,0.67,"ever",1986,0.066,0.74,0.066,1,"NBTSS",10,1.53,0.82,"none",20101,16483,6092,2180,14302,1355
"England",2019,0.33,"ever",1985,0.066,0.74,0,0,"NBTSS",10,1.53,0.82,"none",14683,12040,4450,1674,10366,962
"England",2019,0.33,"ever",1985,0.066,0.74,0.0165,0.25,"NBTSS",10,1.53,0.82,"none",16038,13151,4861,1801,11350,1060
"England",2019,0.33,"ever",1985,0.066,0.74,0.033,0.5,"NBTSS",10,1.53,0.82,"none",17392,14261,5271,1927,12334,1158
"England",2019,0.33,"ever",1985,0.066,0.74,0.066,1,"NBTSS",10,1.53,0.82,"none",20101,16483,6092,2180,14302,1355
"England",2019,0.33,"ever",1986,0.066,0.74,0,0,"NBTSS",10,1.53,0.82,"none",15068,12356,4567,1720,10636,986
"England",2019,0.33,"ever",1986,0.066,0.74,0.0165,0.25,"NBTSS",10,1.53,0.82,"none",16326,13388,4948,1835,11553,1078
"England",2019,0.33,"ever",1986,0.066,0.74,0.033,0.5,"NBTSS",10,1.53,0.82,"none",17584,14419,5329,1950,12469,1171
"England",2019,0.33,"ever",1986,0.066,0.74,0.066,1,"NBTSS",10,1.53,0.82,"none",20101,16483,6092,2180,14302,1355
"England",2019,0.67,"ever",1985,0.066,0.74,0,0,"NBTSS",10,1,0.82,"basic",22763,18666,6899,2721,15945,0
"England",2019,0.67,"ever",1985,0.066,0.74,0.0165,0.25,"NBTSS",10,1,0.82,"basic",22098,18120,6697,2640,15480,0
"England",2019,0.67,"ever",1985,0.066,0.74,0.033,0.5,"NBTSS",10,1,0.82,"basic",21432,17574,6495,2559,15015,0
"England",2019,0.67,"ever",1985,0.066,0.74,0.066,1,"NBTSS",10,1,0.82,"basic",20101,16483,6092,2397,14085,0
"England",2019,0.67,"ever",1986,0.066,0.74,0,0,"NBTSS",10,1,0.82,"basic",24358,19973,7382,2927,17047,0
"England",2019,0.67,"ever",1986,0.066,0.74,0.0165,0.25,"NBTSS",10,1,0.82,"basic",23294,19101,7060,2794,16306,0
"England",2019,0.67,"ever",1986,0.066,0.74,0.033,0.5,"NBTSS",10,1,0.82,"basic",22229,18228,6737,2662,15566,0
"England",2019,0.67,"ever",1986,0.066,0.74,0.066,1,"NBTSS",10,1,0.82,"basic",20101,16483,6092,2397,14085,0
"England",2019,0.33,"ever",1985,0.066,0.74,0,0,"NBTSS",10,1,0.82,"basic",14683,12040,4450,1831,10209,0
"England",2019,0.33,"ever",1985,0.066,0.74,0.0165,0.25,"NBTSS",10,1,0.82,"basic",16038,13151,4861,1973,11178,0
"England",2019,0.33,"ever",1985,0.066,0.74,0.033,0.5,"NBTSS",10,1,0.82,"basic",17392,14261,5271,2114,12147,0
"England",2019,0.33,"ever",1985,0.066,0.74,0.066,1,"NBTSS",10,1,0.82,"basic",20101,16483,6092,2397,14085,0
"England",2019,0.33,"ever",1986,0.066,0.74,0,0,"NBTSS",10,1,0.82,"basic",15068,12356,4567,1881,10475,0
"England",2019,0.33,"ever",1986,0.066,0.74,0.0165,0.25,"NBTSS",10,1,0.82,"basic",16326,13388,4948,2010,11377,0
"England",2019,0.33,"ever",1986,0.066,0.74,0.033,0.5,"NBTSS",10,1,0.82,"basic",17584,14419,5329,2139,12280,0
"England",2019,0.33,"ever",1986,0.066,0.74,0.066,1,"NBTSS",10,1,0.82,"basic",20101,16483,6092,2397,14085,0
"England",2019,0.67,"ever",1985,0.066,0.74,0,0,"NBTSS",10,1,0.82,"age",22763,18666,6899,2628,16038,0
"England",2019,0.67,"ever",1985,0.066,0.74,0.0165,0.25,"NBTSS",10,1,0.82,"age",22098,18120,6697,2550,15570,0
"England",2019,0.67,"ever",1985,0.066,0.74,0.033,0.5,"NBTSS",10,1,0.82,"age",21432,17574,6495,2472,15102,0
"England",2019,0.67,"ever",1985,0.066,0.74,0.066,1,"NBTSS",10,1,0.82,"age",20101,16483,6092,2317,14166,0
"England",2019,0.67,"ever",1986,0.066,0.74,0,0,"NBTSS",10,1,0.82,"age",24358,19973,7382,2826,17147,0
"England",2019,0.67,"ever",1986,0.066,0.74,0.0165,0.25,"NBTSS",10,1,0.82,"age",23294,19101,7060,2699,16402,0
"England",2019,0.67,"ever",1986,0.066,0.74,0.033,0.5,"NBTSS",10,1,0.82,"age",22229,18228,6737,2572,15657,0
"England",2019,0.67,"ever",1986,0.066,0.74,0.066,1,"NBTSS",10,1,0.82,"age",20101,16483,6092,2317,14166,0
"England",2019,0.33,"ever",1985,0.066,0.74,0,0,"NBTSS",10,1,0.82,"age",14683,12040,4450,1770,10270,0
"England",2019,0.33,"ever",1985,0.066,0.74,0.0165,0.25,"NBTSS",10,1,0.82,"age",16038,13151,4861,1907,11244,0
"England",2019,0.33,"ever",1985,0.066,0.74,0.033,0.5,"NBTSS",10,1,0.82,"age",17392,14261,5271,2043,12218,0
"England",2019,0.33,"ever",1985,0.066,0.74,0.066,1,"NBTSS",10,1,0.82,"age",20101,16483,6092,2317,14166,0
"England",2019,0.33,"ever",1986,0.066,0.74,0,0,"NBTSS",10,1,0.82,"age",15068,12356,4567,1818,10538,0
"England",2019,0.33,"ever",1986,0.066,0.74,0.0165,0.25,"NBTSS",10,1,0.82,"age",16326,13388,4948,1943,11445,0
"England",2019,0.33,"ever",1986,0.066,0.74,0.033,0.5,"NBTSS",10,1,0.82,"age",17584,14419,5329,2067,12352,0
"England",2019,0.33,"ever",1986,0.066,0.74,0.066,1,"NBTSS",10,1,0.82,"age",20101,16483,6092,2317,14166,0
"England",2019,0.67,"ever",1985,0.066,0.74,0,0,"NBTSS",10,1,0.82,"none",22763,18666,6899,2780,15885,0
"England",2019,0.67,"ever",1985,0.066,0.74,0.0165,0.25,"NBTSS",10,1,0.82,"none",22098,18120,6697,2698,15422,0
"England",2019,0.67,"ever",1985,0.066,0.74,0.033,0.5,"NBTSS",10,1,0.82,"none",21432,17574,6495,2616,14958,0
"England",2019,0.67,"ever",1985,0.066,0.74,0.066,1,"NBTSS",10,1,0.82,"none",20101,16483,6092,2451,14031,0
"England",2019,0.67,"ever",1986,0.066,0.74,0,0,"NBTSS",10,1,0.82,"none",24358,19973,7382,2991,16982,0
"England",2019,0.67,"ever",1986,0.066,0.74,0.0165,0.25,"NBTSS",10,1,0.82,"none",23294,19101,7060,2856,16244,0
"England",2019,0.67,"ever",1986,0.066,0.74,0.033,0.5,"NBTSS",10,1,0.82,"none",22229,18228,6737,2721,15507,0
"England",2019,0.67,"ever",1986,0.066,0.74,0.066,1,"NBTSS",10,1,0.82,"none",20101,16483,6092,2451,14031,0
"England",2019,0.33,"ever",1985,0.066,0.74,0,0,"NBTSS",10,1,0.82,"none",14683,12040,4450,1876,10164,0
"England",2019,0.33,"ever",1985,0.066,0.74,0.0165,0.25,"NBTSS",10,1,0.82,"none",16038,13151,4861,2020,11131,0
"England",2019,0.33,"ever",1985,0.066,0.74,0.033,0.5,"NBTSS",10,1,0.82,"none",17392,14261,5271,2164,12098,0
"England",2019,0.33,"ever",1985,0.066,0.74,0.066,1,"NBTSS",10,1,0.82,"none",20101,16483,6092,2451,14031,0
"England",2019,0.33,"ever",1986,0.066,0.74,0,0,"NBTSS",10,1,0.82,"none",15068,12356,4567,1927,10429,0
"England",2019,0.33,"ever",1986,0.066,0.74,0.0165,0.25,"NBTSS",10,1,0.82,"none",16326,13388,4948,2058,11330,0
"England",2019,0.33,"ever",1986,0.066,0.74,0.033,0.5,"NBTSS",10,1,0.82,"none",17584,14419,5329,2189,12230,0
"England",2019,0.33,"ever",1986,0.066,0.74,0.066,1,"NBTSS",10,1,0.82,"none",20101,16483,6092,2451,14031,0
"England",2019,0.33,"past",1986,0.066,0.74,0,0,"NBTSS",10,1.53,0.82,"basic",13784,11303,4178,1540,9763,914
"England",2019,0.33,"past",1986,0.066,0.74,0.0165,0.25,"NBTSS",10,1.53,0.82,"basic",15363,12598,4656,1687,10911,1029
"England",2019,0.33,"past",1986,0.066,0.74,0.033,0.5,"NBTSS",10,1.53,0.82,"basic",16943,13893,5135,1834,12059,1143
"England",2019,0.33,"past",1986,0.066,0.74,0.066,1,"NBTSS",10,1.53,0.82,"basic",20101,16483,6092,2128,14355,1373
"England",2019,0.33,"past",1987,0.066,0.74,0,0,"NBTSS",10,1.53,0.82,"basic",14174,11622,4296,1586,10036,939
"England",2019,0.33,"past",1987,0.066,0.74,0.0165,0.25,"NBTSS",10,1.53,0.82,"basic",15656,12838,4745,1722,11116,1047
"England",2019,0.33,"past",1987,0.066,0.74,0.033,0.5,"NBTSS",10,1.53,0.82,"basic",17137,14053,5194,1857,12196,1156
"England",2019,0.33,"past",1987,0.066,0.74,0.066,1,"NBTSS",10,1.53,0.82,"basic",20101,16483,6092,2128,14355,1373
"England",2019,0.2,"past",1986,0.066,0.74,0,0,"NBTSS",10,1.53,0.82,"basic",12496,10247,3787,1412,8835,823
"England",2019,0.2,"past",1986,0.066,0.74,0.0165,0.25,"NBTSS",10,1.53,0.82,"basic",14397,11806,4363,1591,10215,961
"England",2019,0.2,"past",1986,0.066,0.74,0.033,0.5,"NBTSS",10,1.53,0.82,"basic",16298,13365,4940,1770,11595,1098
"England",2019,0.2,"past",1986,0.066,0.74,0.066,1,"NBTSS",10,1.53,0.82,"basic",20101,16483,6092,2128,14355,1373
"England",2019,0.2,"past",1987,0.066,0.74,0,0,"NBTSS",10,1.53,0.82,"basic",12695,10410,3847,1435,8974,836
"England",2019,0.2,"past",1987,0.066,0.74,0.0165,0.25,"NBTSS",10,1.53,0.82,"basic",14546,11928,4409,1608,10320,970
"England",2019,0.2,"past",1987,0.066,0.74,0.033,0.5,"NBTSS",10,1.53,0.82,"basic",16398,13446,4970,1781,11665,1104
"England",2019,0.2,"past",1987,0.066,0.74,0.066,1,"NBTSS",10,1.53,0.82,"basic",20101,16483,6092,2128,14355,1373
"England",2019,0.33,"past",1986,0.066,0.74,0,0,"NBTSS",10,1.53,0.82,"age",13784,11303,4178,1464,9839,940
"England",2019,0.33,"past",1986,0.066,0.74,0.0165,0.25,"NBTSS",10,1.53,0.82,"age",15363,12598,4656,1604,10994,1057
"England",2019,0.33,"past",1986,0.066,0.74,0.033,0.5,"NBTSS",10,1.53,0.82,"age",16943,13893,5135,1744,12149,1175
"England",2019,0.33,"past",1986,0.066,0.74,0.066,1,"NBTSS",10,1.53,0.82,"age",20101,16483,6092,2024,14459,1409
"England",2019,0.33,"past",1987,0.066,0.74,0,0,"NBTSS",10,1.53,0.82,"age",14174,11622,4296,1507,10115,966
"England",2019,0.33,"past",1987,0.066,0.74,0.0165,0.25,"NBTSS",10,1.53,0.82,"age",15656,12838,4745,1636,11201,1077
"England",2019,0.33,"past",1987,0.066,0.74,0.033,0.5,"NBTSS",10,1.53,0.82,"age",17137,14053,5194,1766,12287,1188
"England",2019,0.33,"past",1987,0.066,0.74,0.066,1,"NBTSS",10,1.53,0.82,"age",20101,16483,6092,2024,14459,1409
"England",2019,0.2,"past",1986,0.066,0.74,0,0,"NBTSS",10,1.53,0.82,"age",12496,10247,3787,1342,8905,847
"England",2019,0.2,"past",1986,0.066,0.74,0.0165,0.25,"NBTSS",10,1.53,0.82,"age",14397,11806,4363,1512,10294,988
"England",2019,0.2,"past",1986,0.066,0.74,0.033,0.5,"NBTSS",10,1.53,0.82,"age",16298,13365,4940,1683,11682,1128
"England",2019,0.2,"past",1986,0.066,0.74,0.066,1,"NBTSS",10,1.53,0.82,"age",20101,16483,6092,2024,14459,1409
"England",2019,0.2,"past",1987,0.066,0.74,0,0,"NBTSS",10,1.53,0.82,"age",12695,10410,3847,1364,9046,860
"England",2019,0.2,"past",1987,0.066,0.74,0.0165,0.25,"NBTSS",10,1.53,0.82,"age",14546,11928,4409,1529,10399,998
"England",2019,0.2,"past",1987,0.066,0.74,0.033,0.5,"NBTSS",10,1.53,0.82,"age",16398,13446,4970,1694,11752,1135
"England",2019,0.2,"past",1987,0.066,0.74,0.066,1,"NBTSS",10,1.53,0.82,"age",20101,16483,6092,2024,14459,1409
"England",2019,0.33,"past",1986,0.066,0.74,0,0,"NBTSS",10,1.53,0.82,"none",13784,11303,4178,1581,9722,899
"England",2019,0.33,"past",1986,0.066,0.74,0.0165,0.25,"NBTSS",10,1.53,0.82,"none",15363,12598,4656,1731,10867,1013
"England",2019,0.33,"past",1986,0.066,0.74,0.033,0.5,"NBTSS",10,1.53,0.82,"none",16943,13893,5135,1881,12012,1127
"England",2019,0.33,"past",1986,0.066,0.74,0.066,1,"NBTSS",10,1.53,0.82,"none",20101,16483,6092,2180,14302,1355
"England",2019,0.33,"past",1987,0.066,0.74,0,0,"NBTSS",10,1.53,0.82,"none",14174,11622,4296,1629,9994,924
"England",2019,0.33,"past",1987,0.066,0.74,0.0165,0.25,"NBTSS",10,1.53,0.82,"none",15656,12838,4745,1767,11071,1032
"England",2019,0.33,"past",1987,0.066,0.74,0.033,0.5,"NBTSS",10,1.53,0.82,"none",17137,14053,5194,1905,12148,1139
"England",2019,0.33,"past",1987,0.066,0.74,0.066,1,"NBTSS",10,1.53,0.82,"none",20101,16483,6092,2180,14302,1355
"England",2019,0.2,"past",1986,0.066,0.74,0,0,"NBTSS",10,1.53,0.82,"none",12496,10247,3787,1450,8796,810
"England",2019,0.2,"past",1986,0.066,0.74,0.0165,0.25,"NBTSS",10,1.53,0.82,"none",14397,11806,4363,1633,10173,946
"England",2019,0.2,"past",1986,0.066,0.74,0.033,0.5,"NBTSS",10,1.53,0.82,"none",16298,13365,4940,1815,11549,1082
"England",2019,0.2,"past",1986,0.066,0.74,0.066,1,"NBTSS",10,1.53,0.82,"none",20101,16483,6092,2180,14302,1355
"England",2019,0.2,"past",1987,0.066,0.74,0,0,"NBTSS",10,1.53,0.82,"none",12695,10410,3847,1474,8935,822
"England",2019,0.2,"past",1987,0.066,0.74,0.0165,0.25,"NBTSS",10,1.53,0.82,"none",14546,11928,4409,1651,10277,955
"England",2019,0.2,"past",1987,0.066,0.74,0.033,0.5,"NBTSS",10,1.53,0.82,"none",16398,13446,4970,1827,11619,1088
"England",2019,0.2,"past",1987,0.066,0.74,0.066,1,"NBTSS",10,1.53,0.82,"none",20101,16483,6092,2180,14302,1355
"England",2019,0.33,"past",1986,0.066,0.74,0,0,"NBTSS",10,1,0.82,"basic",13784,11303,4178,1729,9574,0
"England",2019,0.33,"past",1986,0.066,0.74,0.0165,0.25,"NBTSS",10,1,0.82,"basic",15363,12598,4656,1896,10702,0
"England",2019,0.33,"past",1986,0.066,0.74,0.033,0.5,"NBTSS",10,1,0.82,"basic",16943,13893,5135,2063,11830,0
"England",2019,0.33,"past",1986,0.066,0.74,0.066,1,"NBTSS",10,1,0.82,"basic",20101,16483,6092,2397,14085,0
"England",2019,0.33,"past",1987,0.066,0.74,0,0,"NBTSS",10,1,0.82,"basic",14174,11622,4296,1780,9842,0
"England",2019,0.33,"past",1987,0.066,0.74,0.0165,0.25,"NBTSS",10,1,0.82,"basic",15656,12838,4745,1935,10903,0
"England",2019,0.33,"past",1987,0.066,0.74,0.033,0.5,"NBTSS",10,1,0.82,"basic",17137,14053,5194,2089,11964,0
"England",2019,0.33,"past",1987,0.066,0.74,0.066,1,"NBTSS",10,1,0.82,"basic",20101,16483,6092,2397,14085,0
"England",2019,0.2,"past",1986,0.066,0.74,0,0,"NBTSS",10,1,0.82,"basic",12496,10247,3787,1584,8663,0
"England",2019,0.2,"past",1986,0.066,0.74,0.0165,0.25,"NBTSS",10,1,0.82,"basic",14397,11806,4363,1787,10019,0
"England",2019,0.2,"past",1986,0.066,0.74,0.033,0.5,"NBTSS",10,1,0.82,"basic",16298,13365,4940,1990,11374,0
"England",2019,0.2,"past",1986,0.066,0.74,0.066,1,"NBTSS",10,1,0.82,"basic",20101,16483,6092,2397,14085,0
"England",2019,0.2,"past",1987,0.066,0.74,0,0,"NBTSS",10,1,0.82,"basic",12695,10410,3847,1610,8800,0
"England",2019,0.2,"past",1987,0.066,0.74,0.0165,0.25,"NBTSS",10,1,0.82,"basic",14546,11928,4409,1807,10121,0
"England",2019,0.2,"past",1987,0.066,0.74,0.033,0.5,"NBTSS",10,1,0.82,"basic",16398,13446,4970,2004,11443,0
"England",2019,0.2,"past",1987,0.066,0.74,0.066,1,"NBTSS",10,1,0.82,"basic",20101,16483,6092,2397,14085,0
"England",2019,0.33,"past",1986,0.066,0.74,0,0,"NBTSS",10,1,0.82,"age",13784,11303,4178,1671,9632,0
"England",2019,0.33,"past",1986,0.066,0.74,0.0165,0.25,"NBTSS",10,1,0.82,"age",15363,12598,4656,1832,10766,0
"England",2019,0.33,"past",1986,0.066,0.74,0.033,0.5,"NBTSS",10,1,0.82,"age",16943,13893,5135,1994,11899,0
"England",2019,0.33,"past",1986,0.066,0.74,0.066,1,"NBTSS",10,1,0.82,"age",20101,16483,6092,2317,14166,0
"England",2019,0.33,"past",1987,0.066,0.74,0,0,"NBTSS",10,1,0.82,"age",14174,11622,4296,1721,9902,0
"England",2019,0.33,"past",1987,0.066,0.74,0.0165,0.25,"NBTSS",10,1,0.82,"age",15656,12838,4745,1870,10968,0
"England",2019,0.33,"past",1987,0.066,0.74,0.033,0.5,"NBTSS",10,1,0.82,"age",17137,14053,5194,2019,12034,0
"England",2019,0.33,"past",1987,0.066,0.74,0.066,1,"NBTSS",10,1,0.82,"age",20101,16483,6092,2317,14166,0
"England",2019,0.2,"past",1986,0.066,0.74,0,0,"NBTSS",10,1,0.82,"age",12496,10247,3787,1531,8716,0
"England",2019,0.2,"past",1986,0.066,0.74,0.0165,0.25,"NBTSS",10,1,0.82,"age",14397,11806,4363,1727,10078,0
"England",2019,0.2,"past",1986,0.066,0.74,0.033,0.5,"NBTSS",10,1,0.82,"age",16298,13365,4940,1924,11441,0
"England",2019,0.2,"past",1986,0.066,0.74,0.066,1,"NBTSS",10,1,0.82,"age",20101,16483,6092,2317,14166,0
"England",2019,0.2,"past",1987,0.066,0.74,0,0,"NBTSS",10,1,0.82,"age",12695,10410,3847,1556,8853,0
"England",2019,0.2,"past",1987,0.066,0.74,0.0165,0.25,"NBTSS",10,1,0.82,"age",14546,11928,4409,1746,10181,0
"England",2019,0.2,"past",1987,0.066,0.74,0.033,0.5,"NBTSS",10,1,0.82,"age",16398,13446,4970,1937,11510,0
"England",2019,0.2,"past",1987,0.066,0.74,0.066,1,"NBTSS",10,1,0.82,"age",20101,16483,6092,2317,14166,0
"England",2019,0.33,"past",1986,0.066,0.74,0,0,"NBTSS",10,1,0.82,"none",13784,11303,4178,1771,9532,0
"England",2019,0.33,"past",1986,0.066,0.74,0.0165,0.25,"NBTSS",10,1,0.82,"none",15363,12598,4656,1941,10657,0
"England",2019,0.33,"past",1986,0.066,0.74,0.033,0.5,"NBTSS",10,1,0.82,"none",16943,13893,5135,2111,11782,0
"England",2019,0.33,"past",1986,0.066,0.74,0.066,1,"NBTSS",10,1,0.82,"none",20101,16483,6092,2451,14031,0
"England",2019,0.33,"past",1987,0.066,0.74,0,0,"NBTSS",10,1,0.82,"none",14174,11622,4296,1824,9798,0
"England",2019,0.33,"past",1987,0.066,0.74,0.0165,0.25,"NBTSS",10,1,0.82,"none",15656,12838,4745,1981,10856,0
"England",2019,0.33,"past",1987,0.066,0.74,0.033,0.5,"NBTSS",10,1,0.82,"none",17137,14053,5194,2138,11915,0
"England",2019,0.33,"past",1987,0.066,0.74,0.066,1,"NBTSS",10,1,0.82,"none",20101,16483,6092,2451,14031,0
"England",2019,0.2,"past",1986,0.066,0.74,0,0,"NBTSS",10,1,0.82,"none",12496,10247,3787,1624,8623,0
"England",2019,0.2,"past",1986,0.066,0.74,0.0165,0.25,"NBTSS",10,1,0.82,"none",14397,11806,4363,1831,9975,0
"England",2019,0.2,"past",1986,0.066,0.74,0.033,0.5,"NBTSS",10,1,0.82,"none",16298,13365,4940,2038,11327,0
"England",2019,0.2,"past",1986,0.066,0.74,0.066,1,"NBTSS",10,1,0.82,"none",20101,16483,6092,2451,14031,0
"England",2019,0.2,"past",1987,0.066,0.74,0,0,"NBTSS",10,1,0.82,"none",12695,10410,3847,1651,8759,0
"England",2019,0.2,"past",1987,0.066,0.74,0.0165,0.25,"NBTSS",10,1,0.82,"none",14546,11928,4409,1851,10077,0
"England",2019,0.2,"past",1987,0.066,0.74,0.033,0.5,"NBTSS",10,1,0.82,"none",16398,13446,4970,2051,11395,0
"England",2019,0.2,"past",1987,0.066,0.74,0.066,1,"NBTSS",10,1,0.82,"none",20101,16483,6092,2451,14031,0
"Northern Ireland",2019,0.67,"ever",1985,0.066,0.74,0,0,"NBTSS",10,1.53,0.82,"basic",752,617,228,78,539,52
"Northern Ireland",2019,0.67,"ever",1985,0.066,0.74,0.0165,0.25,"NBTSS",10,1.53,0.82,"basic",730,599,221,76,523,50
"Northern Ireland",2019,0.67,"ever",1985,0.066,0.74,0.033,0.5,"NBTSS",10,1.53,0.82,"basic",708,581,215,73,507,49
"Northern Ireland",2019,0.67,"ever",1985,0.066,0.74,0.066,1,"NBTSS",10,1.53,0.82,"basic",664,544,201,69,476,46
"Northern Ireland",2019,0.67,"ever",1986,0.066,0.74,0,0,"NBTSS",10,1.53,0.82,"basic",805,660,244,84,576,55
"Northern Ireland",2019,0.67,"ever",1986,0.066,0.74,0.0165,0.25,"NBTSS",10,1.53,0.82,"basic",769,631,233,80,551,53
"Northern Ireland",2019,0.67,"ever",1986,0.066,0.74,0.033,0.5,"NBTSS",10,1.53,0.82,"basic",734,602,223,76,526,51
"Northern Ireland",2019,0.67,"ever",1986,0.066,0.74,0.066,1,"NBTSS",10,1.53,0.82,"basic",664,544,201,69,476,46
"Northern Ireland",2019,0.33,"ever",1985,0.066,0.74,0,0,"NBTSS",10,1.53,0.82,"basic",485,398,147,53,345,33
"Northern Ireland",2019,0.33,"ever",1985,0.066,0.74,0.0165,0.25,"NBTSS",10,1.53,0.82,"basic",530,434,161,57,378,36
"Northern Ireland",2019,0.33,"ever",1985,0.066,0.74,0.033,0.5,"NBTSS",10,1.53,0.82,"basic",574,471,174,61,410,39
"Northern Ireland",2019,0.33,"ever",1985,0.066,0.74,0.066,1,"NBTSS",10,1.53,0.82,"basic",664,544,201,69,476,46
"Northern Ireland",2019,0.33,"ever",1986,0.066,0.74,0,0,"NBTSS",10,1.53,0.82,"basic",498,408,151,54,354,33
"Northern Ireland",2019,0.33,"ever",1986,0.066,0.74,0.0165,0.25,"NBTSS",10,1.53,0.82,"basic",539,442,163,58,384,37
"Northern Ireland",2019,0.33,"ever",1986,0.066,0.74,0.033,0.5,"NBTSS",10,1.53,0.82,"basic",581,476,176,61,415,40
"Northern Ireland",2019,0.33,"ever",1986,0.066,0.74,0.066,1,"NBTSS",10,1.53,0.82,"basic",664,544,201,69,476,46
"Northern Ireland",2019,0.67,"ever",1985,0.066,0.74,0,0,"NBTSS",10,1.53,0.82,"age",752,617,228,74,543,53
"Northern Ireland",2019,0.67,"ever",1985,0.066,0.74,0.0165,0.25,"NBTSS",10,1.53,0.82,"age",730,599,221,72,527,52
"Northern Ireland",2019,0.67,"ever",1985,0.066,0.74,0.033,0.5,"NBTSS",10,1.53,0.82,"age",708,581,215,69,511,50
"Northern Ireland",2019,0.67,"ever",1985,0.066,0.74,0.066,1,"NBTSS",10,1.53,0.82,"age",664,544,201,65,479,47
"Northern Ireland",2019,0.67,"ever",1986,0.066,0.74,0,0,"NBTSS",10,1.53,0.82,"age",805,660,244,79,580,57
"Northern Ireland",2019,0.67,"ever",1986,0.066,0.74,0.0165,0.25,"NBTSS",10,1.53,0.82,"age",769,631,233,76,555,55
"Northern Ireland",2019,0.67,"ever",1986,0.066,0.74,0.033,0.5,"NBTSS",10,1.53,0.82,"age",734,602,223,72,530,52
"Northern Ireland",2019,0.67,"ever",1986,0.066,0.74,0.066,1,"NBTSS",10,1.53,0.82,"age",664,544,201,65,479,47
"Northern Ireland",2019,0.33,"ever",1985,0.066,0.74,0,0,"NBTSS",10,1.53,0.82,"age",485,398,147,50,348,34
"Northern Ireland",2019,0.33,"ever",1985,0.066,0.74,0.0165,0.25,"NBTSS",10,1.53,0.82,"age",530,434,161,54,381,37
"Northern Ireland",2019,0.33,"ever",1985,0.066,0.74,0.033,0.5,"NBTSS",10,1.53,0.82,"age",574,471,174,57,414,40
"Northern Ireland",2019,0.33,"ever",1985,0.066,0.74,0.066,1,"NBTSS",10,1.53,0.82,"age",664,544,201,65,479,47
"Northern Ireland",2019,0.33,"ever",1986,0.066,0.74,0,0,"NBTSS",10,1.53,0.82,"age",498,408,151,51,357,35
"Northern Ireland",2019,0.33,"ever",1986,0.066,0.74,0.0165,0.25,"NBTSS",10,1.53,0.82,"age",539,442,163,55,388,38
"Northern Ireland",2019,0.33,"ever",1986,0.066,0.74,0.033,0.5,"NBTSS",10,1.53,0.82,"age",581,476,176,58,418,41
"Northern Ireland",2019,0.33,"ever",1986,0.066,0.74,0.066,1,"NBTSS",10,1.53,0.82,"age",664,544,201,65,479,47
"Northern Ireland",2019,0.67,"ever",1985,0.066,0.74,0,0,"NBTSS",10,1.53,0.82,"none",752,617,228,80,537,51
"Northern Ireland",2019,0.67,"ever",1985,0.066,0.74,0.0165,0.25,"NBTSS",10,1.53,0.82,"none",730,599,221,78,521,50
"Northern Ireland",2019,0.67,"ever",1985,0.066,0.74,0.033,0.5,"NBTSS",10,1.53,0.82,"none",708,581,215,75,505,48
"Northern Ireland",2019,0.67,"ever",1985,0.066,0.74,0.066,1,"NBTSS",10,1.53,0.82,"none",664,544,201,70,474,45
"Northern Ireland",2019,0.67,"ever",1986,0.066,0.74,0,0,"NBTSS",10,1.53,0.82,"none",805,660,244,86,574,55
"Northern Ireland",2019,0.67,"ever",1986,0.066,0.74,0.0165,0.25,"NBTSS",10,1.53,0.82,"none",769,631,233,82,549,52
"Northern Ireland",2019,0.67,"ever",1986,0.066,0.74,0.033,0.5,"NBTSS",10,1.53,0.82,"none",734,602,223,78,524,50
"Northern Ireland",2019,0.67,"ever",1986,0.066,0.74,0.066,1,"NBTSS",10,1.53,0.82,"none",664,544,201,70,474,45
"Northern Ireland",2019,0.33,"ever",1985,0.066,0.74,0,0,"NBTSS",10,1.53,0.82,"none",485,398,147,54,344,32
"Northern Ireland",2019,0.33,"ever",1985,0.066,0.74,0.0165,0.25,"NBTSS",10,1.53,0.82,"none",530,434,161,58,376,35
"Northern Ireland",2019,0.33,"ever",1985,0.066,0.74,0.033,0.5,"NBTSS",10,1.53,0.82,"none",574,471,174,62,409,39
"Northern Ireland",2019,0.33,"ever",1985,0.066,0.74,0.066,1,"NBTSS",10,1.53,0.82,"none",664,544,201,70,474,45
"Northern Ireland",2019,0.33,"ever",1986,0.066,0.74,0,0,"NBTSS",10,1.53,0.82,"none",498,408,151,56,353,33
"Northern Ireland",2019,0.33,"ever",1986,0.066,0.74,0.0165,0.25,"NBTSS",10,1.53,0.82,"none",539,442,163,59,383,36
"Northern Ireland",2019,0.33,"ever",1986,0.066,0.74,0.033,0.5,"NBTSS",10,1.53,0.82,"none",581,476,176,63,413,39
"Northern Ireland",2019,0.33,"ever",1986,0.066,0.74,0.066,1,"NBTSS",10,1.53,0.82,"none",664,544,201,70,474,45
"Northern Ireland",2019,0.67,"ever",1985,0.066,0.74,0,0,"NBTSS",10,1,0.82,"basic",752,617,228,88,528,0
"Northern Ireland",2019,0.67,"ever",1985,0.066,0.74,0.0165,0.25,"NBTSS",10,1,0.82,"basic",730,599,221,86,513,0
"Northern Ireland",2019,0.67,"ever",1985,0.066,0.74,0.033,0.5,"NBTSS",10,1,0.82,"basic",708,581,215,83,498,0
"Northern Ireland",2019,0.67,"ever",1985,0.066,0.74,0.066,1,"NBTSS",10,1,0.82,"basic",664,544,201,78,467,0
"Northern Ireland",2019,0.67,"ever",1986,0.066,0.74,0,0,"NBTSS",10,1,0.82,"basic",805,660,244,95,565,0
"Northern Ireland",2019,0.67,"ever",1986,0.066,0.74,0.0165,0.25,"NBTSS",10,1,0.82,"basic",769,631,233,91,540,0
"Northern Ireland",2019,0.67,"ever",1986,0.066,0.74,0.033,0.5,"NBTSS",10,1,0.82,"basic",734,602,223,86,516,0
"Northern Ireland",2019,0.67,"ever",1986,0.066,0.74,0.066,1,"NBTSS",10,1,0.82,"basic",664,544,201,78,467,0
"Northern Ireland",2019,0.33,"ever",1985,0.066,0.74,0,0,"NBTSS",10,1,0.82,"basic",485,398,147,59,338,0
"Northern Ireland",2019,0.33,"ever",1985,0.066,0.74,0.0165,0.25,"NBTSS",10,1,0.82,"basic",530,434,161,64,370,0
"Northern Ireland",2019,0.33,"ever",1985,0.066,0.74,0.033,0.5,"NBTSS",10,1,0.82,"basic",574,471,174,69,403,0
"Northern Ireland",2019,0.33,"ever",1985,0.066,0.74,0.066,1,"NBTSS",10,1,0.82,"basic",664,544,201,78,467,0
"Northern Ireland",2019,0.33,"ever",1986,0.066,0.74,0,0,"NBTSS",10,1,0.82,"basic",498,408,151,61,347,0
"Northern Ireland",2019,0.33,"ever",1986,0.066,0.74,0.0165,0.25,"NBTSS",10,1,0.82,"basic",539,442,163,65,377,0
"Northern Ireland",2019,0.33,"ever",1986,0.066,0.74,0.033,0.5,"NBTSS",10,1,0.82,"basic",581,476,176,69,407,0
"Northern Ireland",2019,0.33,"ever",1986,0.066,0.74,0.066,1,"NBTSS",10,1,0.82,"basic",664,544,201,78,467,0
"Northern Ireland",2019,0.67,"ever",1985,0.066,0.74,0,0,"NBTSS",10,1,0.82,"age",752,617,228,85,532,0
"Northern Ireland",2019,0.67,"ever",1985,0.066,0.74,0.0165,0.25,"NBTSS",10,1,0.82,"age",730,599,221,82,516,0
"Northern Ireland",2019,0.67,"ever",1985,0.066,0.74,0.033,0.5,"NBTSS",10,1,0.82,"age",708,581,215,80,501,0
"Northern Ireland",2019,0.67,"ever",1985,0.066,0.74,0.066,1,"NBTSS",10,1,0.82,"age",664,544,201,75,470,0
"Northern Ireland",2019,0.67,"ever",1986,0.066,0.74,0,0,"NBTSS",10,1,0.82,"age",805,660,244,91,568,0
"Northern Ireland",2019,0.67,"ever",1986,0.066,0.74,0.0165,0.25,"NBTSS",10,1,0.82,"age",769,631,233,87,544,0
"Northern Ireland",2019,0.67,"ever",1986,0.066,0.74,0.033,0.5,"NBTSS",10,1,0.82,"age",734,602,223,83,519,0
"Northern Ireland",2019,0.67,"ever",1986,0.066,0.74,0.066,1,"NBTSS",10,1,0.82,"age",664,544,201,75,470,0
"Northern Ireland",2019,0.33,"ever",1985,0.066,0.74,0,0,"NBTSS",10,1,0.82,"age",485,398,147,57,341,0
"Northern Ireland",2019,0.33,"ever",1985,0.066,0.74,0.0165,0.25,"NBTSS",10,1,0.82,"age",530,434,161,62,373,0
"Northern Ireland",2019,0.33,"ever",1985,0.066,0.74,0.033,0.5,"NBTSS",10,1,0.82,"age",574,471,174,66,405,0
"Northern Ireland",2019,0.33,"ever",1985,0.066,0.74,0.066,1,"NBTSS",10,1,0.82,"age",664,544,201,75,470,0
"Northern Ireland",2019,0.33,"ever",1986,0.066,0.74,0,0,"NBTSS",10,1,0.82,"age",498,408,151,59,349,0
"Northern Ireland",2019,0.33,"ever",1986,0.066,0.74,0.0165,0.25,"NBTSS",10,1,0.82,"age",539,442,163,63,379,0
"Northern Ireland",2019,0.33,"ever",1986,0.066,0.74,0.033,0.5,"NBTSS",10,1,0.82,"age",581,476,176,67,410,0
"Northern Ireland",2019,0.33,"ever",1986,0.066,0.74,0.066,1,"NBTSS",10,1,0.82,"age",664,544,201,75,470,0
"Northern Ireland",2019,0.67,"ever",1985,0.066,0.74,0,0,"NBTSS",10,1,0.82,"none",752,617,228,90,526,0
"Northern Ireland",2019,0.67,"ever",1985,0.066,0.74,0.0165,0.25,"NBTSS",10,1,0.82,"none",730,599,221,87,511,0
"Northern Ireland",2019,0.67,"ever",1985,0.066,0.74,0.033,0.5,"NBTSS",10,1,0.82,"none",708,581,215,85,496,0
"Northern Ireland",2019,0.67,"ever",1985,0.066,0.74,0.066,1,"NBTSS",10,1,0.82,"none",664,544,201,79,465,0
"Northern Ireland",2019,0.67,"ever",1986,0.066,0.74,0,0,"NBTSS",10,1,0.82,"none",805,660,244,97,563,0
"Northern Ireland",2019,0.67,"ever",1986,0.066,0.74,0.0165,0.25,"NBTSS",10,1,0.82,"none",769,631,233,93,538,0
"Northern Ireland",2019,0.67,"ever",1986,0.066,0.74,0.033,0.5,"NBTSS",10,1,0.82,"none",734,602,223,88,514,0
"Northern Ireland",2019,0.67,"ever",1986,0.066,0.74,0.066,1,"NBTSS",10,1,0.82,"none",664,544,201,79,465,0
"Northern Ireland",2019,0.33,"ever",1985,0.066,0.74,0,0,"NBTSS",10,1,0.82,"none",485,398,147,61,337,0
"Northern Ireland",2019,0.33,"ever",1985,0.066,0.74,0.0165,0.25,"NBTSS",10,1,0.82,"none",530,434,161,66,369,0
"Northern Ireland",2019,0.33,"ever",1985,0.066,0.74,0.033,0.5,"NBTSS",10,1,0.82,"none",574,471,174,70,401,0
"Northern Ireland",2019,0.33,"ever",1985,0.066,0.74,0.066,1,"NBTSS",10,1,0.82,"none",664,544,201,79,465,0
"Northern Ireland",2019,0.33,"ever",1986,0.066,0.74,0,0,"NBTSS",10,1,0.82,"none",498,408,151,63,346,0
"Northern Ireland",2019,0.33,"ever",1986,0.066,0.74,0.0165,0.25,"NBTSS",10,1,0.82,"none",539,442,163,67,375,0
"Northern Ireland",2019,0.33,"ever",1986,0.066,0.74,0.033,0.5,"NBTSS",10,1,0.82,"none",581,476,176,71,405,0
"Northern Ireland",2019,0.33,"ever",1986,0.066,0.74,0.066,1,"NBTSS",10,1,0.82,"none",664,544,201,79,465,0
"Northern Ireland",2019,0.33,"past",1986,0.066,0.74,0,0,"NBTSS",10,1.53,0.82,"basic",455,373,138,50,324,31
"Northern Ireland",2019,0.33,"past",1986,0.066,0.74,0.0165,0.25,"NBTSS",10,1.53,0.82,"basic",507,416,154,55,362,34
"Northern Ireland",2019,0.33,"past",1986,0.066,0.74,0.033,0.5,"NBTSS",10,1.53,0.82,"basic",560,459,170,59,400,38
"Northern Ireland",2019,0.33,"past",1986,0.066,0.74,0.066,1,"NBTSS",10,1.53,0.82,"basic",664,544,201,69,476,46
"Northern Ireland",2019,0.33,"past",1987,0.066,0.74,0,0,"NBTSS",10,1.53,0.82,"basic",468,384,142,51,333,31
"Northern Ireland",2019,0.33,"past",1987,0.066,0.74,0.0165,0.25,"NBTSS",10,1.53,0.82,"basic",517,424,157,56,368,35
"Northern Ireland",2019,0.33,"past",1987,0.066,0.74,0.033,0.5,"NBTSS",10,1.53,0.82,"basic",566,464,172,60,404,39
"Northern Ireland",2019,0.33,"past",1987,0.066,0.74,0.066,1,"NBTSS",10,1.53,0.82,"basic",664,544,201,69,476,46
"Northern Ireland",2019,0.2,"past",1986,0.066,0.74,0,0,"NBTSS",10,1.53,0.82,"basic",413,338,125,46,293,28
"Northern Ireland",2019,0.2,"past",1986,0.066,0.74,0.0165,0.25,"NBTSS",10,1.53,0.82,"basic",476,390,144,51,339,32
"Northern Ireland",2019,0.2,"past",1986,0.066,0.74,0.033,0.5,"NBTSS",10,1.53,0.82,"basic",538,441,163,57,384,37
"Northern Ireland",2019,0.2,"past",1986,0.066,0.74,0.066,1,"NBTSS",10,1.53,0.82,"basic",664,544,201,69,476,46
"Northern Ireland",2019,0.2,"past",1987,0.066,0.74,0,0,"NBTSS",10,1.53,0.82,"basic",419,344,127,46,297,28
"Northern Ireland",2019,0.2,"past",1987,0.066,0.74,0.0165,0.25,"NBTSS",10,1.53,0.82,"basic",480,394,146,52,342,32
"Northern Ireland",2019,0.2,"past",1987,0.066,0.74,0.033,0.5,"NBTSS",10,1.53,0.82,"basic",542,444,164,58,387,37
"Northern Ireland",2019,0.2,"past",1987,0.066,0.74,0.066,1,"NBTSS",10,1.53,0.82,"basic",664,544,201,69,476,46
"Northern Ireland",2019,0.33,"past",1986,0.066,0.74,0,0,"NBTSS",10,1.53,0.82,"age",455,373,138,47,326,31
"Northern Ireland",2019,0.33,"past",1986,0.066,0.74,0.0165,0.25,"NBTSS",10,1.53,0.82,"age",507,416,154,52,365,35
"Northern Ireland",2019,0.33,"past",1986,0.066,0.74,0.033,0.5,"NBTSS",10,1.53,0.82,"age",560,459,170,56,403,39
"Northern Ireland",2019,0.33,"past",1986,0.066,0.74,0.066,1,"NBTSS",10,1.53,0.82,"age",664,544,201,65,479,47
"Northern Ireland",2019,0.33,"past",1987,0.066,0.74,0,0,"NBTSS",10,1.53,0.82,"age",468,384,142,48,335,32
"Northern Ireland",2019,0.33,"past",1987,0.066,0.74,0.0165,0.25,"NBTSS",10,1.53,0.82,"age",517,424,157,53,371,36
"Northern Ireland",2019,0.33,"past",1987,0.066,0.74,0.033,0.5,"NBTSS",10,1.53,0.82,"age",566,464,172,57,407,40
"Northern Ireland",2019,0.33,"past",1987,0.066,0.74,0.066,1,"NBTSS",10,1.53,0.82,"age",664,544,201,65,479,47
"Northern Ireland",2019,0.2,"past",1986,0.066,0.74,0,0,"NBTSS",10,1.53,0.82,"age",413,338,125,43,295,28
"Northern Ireland",2019,0.2,"past",1986,0.066,0.74,0.0165,0.25,"NBTSS",10,1.53,0.82,"age",476,390,144,49,341,33
"Northern Ireland",2019,0.2,"past",1986,0.066,0.74,0.033,0.5,"NBTSS",10,1.53,0.82,"age",538,441,163,54,387,38
"Northern Ireland",2019,0.2,"past",1986,0.066,0.74,0.066,1,"NBTSS",10,1.53,0.82,"age",664,544,201,65,479,47
"Northern Ireland",2019,0.2,"past",1987,0.066,0.74,0,0,"NBTSS",10,1.53,0.82,"age",419,344,127,44,300,29
"Northern Ireland",2019,0.2,"past",1987,0.066,0.74,0.0165,0.25,"NBTSS",10,1.53,0.82,"age",480,394,146,49,345,33
"Northern Ireland",2019,0.2,"past",1987,0.066,0.74,0.033,0.5,"NBTSS",10,1.53,0.82,"age",542,444,164,54,390,38
"Northern Ireland",2019,0.2,"past",1987,0.066,0.74,0.066,1,"NBTSS",10,1.53,0.82,"age",664,544,201,65,479,47
"Northern Ireland",2019,0.33,"past",1986,0.066,0.74,0,0,"NBTSS",10,1.53,0.82,"none",455,373,138,51,322,30
"Northern Ireland",2019,0.33,"past",1986,0.066,0.74,0.0165,0.25,"NBTSS",10,1.53,0.82,"none",507,416,154,56,360,34
"Northern Ireland",2019,0.33,"past",1986,0.066,0.74,0.033,0.5,"NBTSS",10,1.53,0.82,"none",560,459,170,61,398,38
"Northern Ireland",2019,0.33,"past",1986,0.066,0.74,0.066,1,"NBTSS",10,1.53,0.82,"none",664,544,201,70,474,45
"Northern Ireland",2019,0.33,"past",1987,0.066,0.74,0,0,"NBTSS",10,1.53,0.82,"none",468,384,142,53,331,31
"Northern Ireland",2019,0.33,"past",1987,0.066,0.74,0.0165,0.25,"NBTSS",10,1.53,0.82,"none",517,424,157,57,367,34
"Northern Ireland",2019,0.33,"past",1987,0.066,0.74,0.033,0.5,"NBTSS",10,1.53,0.82,"none",566,464,172,62,403,38
"Northern Ireland",2019,0.33,"past",1987,0.066,0.74,0.066,1,"NBTSS",10,1.53,0.82,"none",664,544,201,70,474,45
"Northern Ireland",2019,0.2,"past",1986,0.066,0.74,0,0,"NBTSS",10,1.53,0.82,"none",413,338,125,47,292,27
"Northern Ireland",2019,0.2,"past",1986,0.066,0.74,0.0165,0.25,"NBTSS",10,1.53,0.82,"none",476,390,144,53,337,32
"Northern Ireland",2019,0.2,"past",1986,0.066,0.74,0.033,0.5,"NBTSS",10,1.53,0.82,"none",538,441,163,59,383,36
"Northern Ireland",2019,0.2,"past",1986,0.066,0.74,0.066,1,"NBTSS",10,1.53,0.82,"none",664,544,201,70,474,45
"Northern Ireland",2019,0.2,"past",1987,0.066,0.74,0,0,"NBTSS",10,1.53,0.82,"none",419,344,127,48,296,27
"Northern Ireland",2019,0.2,"past",1987,0.066,0.74,0.0165,0.25,"NBTSS",10,1.53,0.82,"none",480,394,146,53,341,32
"Northern Ireland",2019,0.2,"past",1987,0.066,0.74,0.033,0.5,"NBTSS",10,1.53,0.82,"none",542,444,164,59,385,36
"Northern Ireland",2019,0.2,"past",1987,0.066,0.74,0.066,1,"NBTSS",10,1.53,0.82,"none",664,544,201,70,474,45
"Northern Ireland",2019,0.33,"past",1986,0.066,0.74,0,0,"NBTSS",10,1,0.82,"basic",455,373,138,56,317,0
"Northern Ireland",2019,0.33,"past",1986,0.066,0.74,0.0165,0.25,"NBTSS",10,1,0.82,"basic",507,416,154,61,355,0
"Northern Ireland",2019,0.33,"past",1986,0.066,0.74,0.033,0.5,"NBTSS",10,1,0.82,"basic",560,459,170,67,392,0
"Northern Ireland",2019,0.33,"past",1986,0.066,0.74,0.066,1,"NBTSS",10,1,0.82,"basic",664,544,201,78,467,0
"Northern Ireland",2019,0.33,"past",1987,0.066,0.74,0,0,"NBTSS",10,1,0.82,"basic",468,384,142,58,326,0
"Northern Ireland",2019,0.33,"past",1987,0.066,0.74,0.0165,0.25,"NBTSS",10,1,0.82,"basic",517,424,157,63,361,0
"Northern Ireland",2019,0.33,"past",1987,0.066,0.74,0.033,0.5,"NBTSS",10,1,0.82,"basic",566,464,172,68,396,0
"Northern Ireland",2019,0.33,"past",1987,0.066,0.74,0.066,1,"NBTSS",10,1,0.82,"basic",664,544,201,78,467,0
"Northern Ireland",2019,0.2,"past",1986,0.066,0.74,0,0,"NBTSS",10,1,0.82,"basic",413,338,125,51,287,0
"Northern Ireland",2019,0.2,"past",1986,0.066,0.74,0.0165,0.25,"NBTSS",10,1,0.82,"basic",476,390,144,58,332,0
"Northern Ireland",2019,0.2,"past",1986,0.066,0.74,0.033,0.5,"NBTSS",10,1,0.82,"basic",538,441,163,65,377,0
"Northern Ireland",2019,0.2,"past",1986,0.066,0.74,0.066,1,"NBTSS",10,1,0.82,"basic",664,544,201,78,467,0
"Northern Ireland",2019,0.2,"past",1987,0.066,0.74,0,0,"NBTSS",10,1,0.82,"basic",419,344,127,52,292,0
"Northern Ireland",2019,0.2,"past",1987,0.066,0.74,0.0165,0.25,"NBTSS",10,1,0.82,"basic",480,394,146,59,335,0
"Northern Ireland",2019,0.2,"past",1987,0.066,0.74,0.033,0.5,"NBTSS",10,1,0.82,"basic",542,444,164,65,379,0
"Northern Ireland",2019,0.2,"past",1987,0.066,0.74,0.066,1,"NBTSS",10,1,0.82,"basic",664,544,201,78,467,0
"Northern Ireland",2019,0.33,"past",1986,0.066,0.74,0,0,"NBTSS",10,1,0.82,"age",455,373,138,54,319,0
"Northern Ireland",2019,0.33,"past",1986,0.066,0.74,0.0165,0.25,"NBTSS",10,1,0.82,"age",507,416,154,59,357,0
"Northern Ireland",2019,0.33,"past",1986,0.066,0.74,0.033,0.5,"NBTSS",10,1,0.82,"age",560,459,170,64,395,0
"Northern Ireland",2019,0.33,"past",1986,0.066,0.74,0.066,1,"NBTSS",10,1,0.82,"age",664,544,201,75,470,0
"Northern Ireland",2019,0.33,"past",1987,0.066,0.74,0,0,"NBTSS",10,1,0.82,"age",468,384,142,56,328,0
"Northern Ireland",2019,0.33,"past",1987,0.066,0.74,0.0165,0.25,"NBTSS",10,1,0.82,"age",517,424,157,60,364,0
"Northern Ireland",2019,0.33,"past",1987,0.066,0.74,0.033,0.5,"NBTSS",10,1,0.82,"age",566,464,172,65,399,0
"Northern Ireland",2019,0.33,"past",1987,0.066,0.74,0.066,1,"NBTSS",10,1,0.82,"age",664,544,201,75,470,0
"Northern Ireland",2019,0.2,"past",1986,0.066,0.74,0,0,"NBTSS",10,1,0.82,"age",413,338,125,49,289,0
"Northern Ireland",2019,0.2,"past",1986,0.066,0.74,0.0165,0.25,"NBTSS",10,1,0.82,"age",476,390,144,56,334,0
"Northern Ireland",2019,0.2,"past",1986,0.066,0.74,0.033,0.5,"NBTSS",10,1,0.82,"age",538,441,163,62,379,0
"Northern Ireland",2019,0.2,"past",1986,0.066,0.74,0.066,1,"NBTSS",10,1,0.82,"age",664,544,201,75,470,0
"Northern Ireland",2019,0.2,"past",1987,0.066,0.74,0,0,"NBTSS",10,1,0.82,"age",419,344,127,50,294,0
"Northern Ireland",2019,0.2,"past",1987,0.066,0.74,0.0165,0.25,"NBTSS",10,1,0.82,"age",480,394,146,56,338,0
"Northern Ireland",2019,0.2,"past",1987,0.066,0.74,0.033,0.5,"NBTSS",10,1,0.82,"age",542,444,164,63,382,0
"Northern Ireland",2019,0.2,"past",1987,0.066,0.74,0.066,1,"NBTSS",10,1,0.82,"age",664,544,201,75,470,0
"Northern Ireland",2019,0.33,"past",1986,0.066,0.74,0,0,"NBTSS",10,1,0.82,"none",455,373,138,57,316,0
"Northern Ireland",2019,0.33,"past",1986,0.066,0.74,0.0165,0.25,"NBTSS",10,1,0.82,"none",507,416,154,63,353,0
"Northern Ireland",2019,0.33,"past",1986,0.066,0.74,0.033,0.5,"NBTSS",10,1,0.82,"none",560,459,170,68,390,0
"Northern Ireland",2019,0.33,"past",1986,0.066,0.74,0.066,1,"NBTSS",10,1,0.82,"none",664,544,201,79,465,0
"Northern Ireland",2019,0.33,"past",1987,0.066,0.74,0,0,"NBTSS",10,1,0.82,"none",468,384,142,59,325,0
"Northern Ireland",2019,0.33,"past",1987,0.066,0.74,0.0165,0.25,"NBTSS",10,1,0.82,"none",517,424,157,64,360,0
"Northern Ireland",2019,0.33,"past",1987,0.066,0.74,0.033,0.5,"NBTSS",10,1,0.82,"none",566,464,172,69,395,0
"Northern Ireland",2019,0.33,"past",1987,0.066,0.74,0.066,1,"NBTSS",10,1,0.82,"none",664,544,201,79,465,0
"Northern Ireland",2019,0.2,"past",1986,0.066,0.74,0,0,"NBTSS",10,1,0.82,"none",413,338,125,53,286,0
"Northern Ireland",2019,0.2,"past",1986,0.066,0.74,0.0165,0.25,"NBTSS",10,1,0.82,"none",476,390,144,59,331,0
"Northern Ireland",2019,0.2,"past",1986,0.066,0.74,0.033,0.5,"NBTSS",10,1,0.82,"none",538,441,163,66,375,0
"Northern Ireland",2019,0.2,"past",1986,0.066,0.74,0.066,1,"NBTSS",10,1,0.82,"none",664,544,201,79,465,0
"Northern Ireland",2019,0.2,"past",1987,0.066,0.74,0,0,"NBTSS",10,1,0.82,"none",419,344,127,54,290,0
"Northern Ireland",2019,0.2,"past",1987,0.066,0.74,0.0165,0.25,"NBTSS",10,1,0.82,"none",480,394,146,60,334,0
"Northern Ireland",2019,0.2,"past",1987,0.066,0.74,0.033,0.5,"NBTSS",10,1,0.82,"none",542,444,164,67,378,0
"Northern Ireland",2019,0.2,"past",1987,0.066,0.74,0.066,1,"NBTSS",10,1,0.82,"none",664,544,201,79,465,0
"Wales",2019,0.67,"ever",1985,0.066,0.74,0,0,"NBTSS",10,1.53,0.82,"basic",1362,1116,413,141,976,94
"Wales",2019,0.67,"ever",1985,0.066,0.74,0.0165,0.25,"NBTSS",10,1.53,0.82,"basic",1322,1084,401,137,947,91
"Wales",2019,0.67,"ever",1985,0.066,0.74,0.033,0.5,"NBTSS",10,1.53,0.82,"basic",1282,1051,389,133,919,89
"Wales",2019,0.67,"ever",1985,0.066,0.74,0.066,1,"NBTSS",10,1.53,0.82,"basic",1202,986,364,124,862,83
"Wales",2019,0.67,"ever",1986,0.066,0.74,0,0,"NBTSS",10,1.53,0.82,"basic",1457,1195,442,152,1043,100
"Wales",2019,0.67,"ever",1986,0.066,0.74,0.0165,0.25,"NBTSS",10,1.53,0.82,"basic",1393,1142,422,145,998,96
"Wales",2019,0.67,"ever",1986,0.066,0.74,0.033,0.5,"NBTSS",10,1.53,0.82,"basic",1330,1090,403,138,952,92
"Wales",2019,0.67,"ever",1986,0.066,0.74,0.066,1,"NBTSS",10,1.53,0.82,"basic",1202,986,364,124,862,83
"Wales",2019,0.33,"ever",1985,0.066,0.74,0,0,"NBTSS",10,1.53,0.82,"basic",878,720,266,95,625,59
"Wales",2019,0.33,"ever",1985,0.066,0.74,0.0165,0.25,"NBTSS",10,1.53,0.82,"basic",959,787,291,102,684,65
"Wales",2019,0.33,"ever",1985,0.066,0.74,0.033,0.5,"NBTSS",10,1.53,0.82,"basic",1040,853,315,110,743,71
"Wales",2019,0.33,"ever",1985,0.066,0.74,0.066,1,"NBTSS",10,1.53,0.82,"basic",1202,986,364,124,862,83
"Wales",2019,0.33,"ever",1986,0.066,0.74,0,0,"NBTSS",10,1.53,0.82,"basic",901,739,273,98,641,61
"Wales",2019,0.33,"ever",1986,0.066,0.74,0.0165,0.25,"NBTSS",10,1.53,0.82,"basic",977,801,296,104,696,66
"Wales",2019,0.33,"ever",1986,0.066,0.74,0.033,0.5,"NBTSS",10,1.53,0.82,"basic",1052,862,319,111,752,72
"Wales",2019,0.33,"ever",1986,0.066,0.74,0.066,1,"NBTSS",10,1.53,0.82,"basic",1202,986,364,124,862,83
"Wales",2019,0.67,"ever",1985,0.066,0.74,0,0,"NBTSS",10,1.53,0.82,"age",1362,1116,413,133,983,97
"Wales",2019,0.67,"ever",1985,0.066,0.74,0.0165,0.25,"NBTSS",10,1.53,0.82,"age",1322,1084,401,129,954,94
"Wales",2019,0.67,"ever",1985,0.066,0.74,0.033,0.5,"NBTSS",10,1.53,0.82,"age",1282,1051,389,125,926,91
"Wales",2019,0.67,"ever",1985,0.066,0.74,0.066,1,"NBTSS",10,1.53,0.82,"age",1202,986,364,118,868,86
"Wales",2019,0.67,"ever",1986,0.066,0.74,0,0,"NBTSS",10,1.53,0.82,"age",1457,1195,442,144,1051,103
"Wales",2019,0.67,"ever",1986,0.066,0.74,0.0165,0.25,"NBTSS",10,1.53,0.82,"age",1393,1142,422,137,1005,99
"Wales",2019,0.67,"ever",1986,0.066,0.74,0.033,0.5,"NBTSS",10,1.53,0.82,"age",1330,1090,403,131,960,94
"Wales",2019,0.67,"ever",1986,0.066,0.74,0.066,1,"NBTSS",10,1.53,0.82,"age",1202,986,364,118,868,86
"Wales",2019,0.33,"ever",1985,0.066,0.74,0,0,"NBTSS",10,1.53,0.82,"age",878,720,266,90,630,61
"Wales",2019,0.33,"ever",1985,0.066,0.74,0.0165,0.25,"NBTSS",10,1.53,0.82,"age",959,787,291,97,690,67
"Wales",2019,0.33,"ever",1985,0.066,0.74,0.033,0.5,"NBTSS",10,1.53,0.82,"age",1040,853,315,104,749,73
"Wales",2019,0.33,"ever",1985,0.066,0.74,0.066,1,"NBTSS",10,1.53,0.82,"age",1202,986,364,118,868,86
"Wales",2019,0.33,"ever",1986,0.066,0.74,0,0,"NBTSS",10,1.53,0.82,"age",901,739,273,92,647,63
"Wales",2019,0.33,"ever",1986,0.066,0.74,0.0165,0.25,"NBTSS",10,1.53,0.82,"age",977,801,296,99,702,68
"Wales",2019,0.33,"ever",1986,0.066,0.74,0.033,0.5,"NBTSS",10,1.53,0.82,"age",1052,862,319,105,757,74
"Wales",2019,0.33,"ever",1986,0.066,0.74,0.066,1,"NBTSS",10,1.53,0.82,"age",1202,986,364,118,868,86
"Wales",2019,0.67,"ever",1985,0.066,0.74,0,0,"NBTSS",10,1.53,0.82,"none",1362,1116,413,144,972,93
"Wales",2019,0.67,"ever",1985,0.066,0.74,0.0165,0.25,"NBTSS",10,1.53,0.82,"none",1322,1084,401,140,944,90
"Wales",2019,0.67,"ever",1985,0.066,0.74,0.033,0.5,"NBTSS",10,1.53,0.82,"none",1282,1051,389,136,915,88
"Wales",2019,0.67,"ever",1985,0.066,0.74,0.066,1,"NBTSS",10,1.53,0.82,"none",1202,986,364,127,859,82
"Wales",2019,0.67,"ever",1986,0.066,0.74,0,0,"NBTSS",10,1.53,0.82,"none",1457,1195,442,155,1039,99
"Wales",2019,0.67,"ever",1986,0.066,0.74,0.0165,0.25,"NBTSS",10,1.53,0.82,"none",1393,1142,422,148,994,95
"Wales",2019,0.67,"ever",1986,0.066,0.74,0.033,0.5,"NBTSS",10,1.53,0.82,"none",1330,1090,403,141,949,91
"Wales",2019,0.67,"ever",1986,0.066,0.74,0.066,1,"NBTSS",10,1.53,0.82,"none",1202,986,364,127,859,82
"Wales",2019,0.33,"ever",1985,0.066,0.74,0,0,"NBTSS",10,1.53,0.82,"none",878,720,266,98,622,58
"Wales",2019,0.33,"ever",1985,0.066,0.74,0.0165,0.25,"NBTSS",10,1.53,0.82,"none",959,787,291,105,681,64
"Wales",2019,0.33,"ever",1985,0.066,0.74,0.033,0.5,"NBTSS",10,1.53,0.82,"none",1040,853,315,113,741,70
"Wales",2019,0.33,"ever",1985,0.066,0.74,0.066,1,"NBTSS",10,1.53,0.82,"none",1202,986,364,127,859,82
"Wales",2019,0.33,"ever",1986,0.066,0.74,0,0,"NBTSS",10,1.53,0.82,"none",901,739,273,100,639,60
"Wales",2019,0.33,"ever",1986,0.066,0.74,0.0165,0.25,"NBTSS",10,1.53,0.82,"none",977,801,296,107,694,65
"Wales",2019,0.33,"ever",1986,0.066,0.74,0.033,0.5,"NBTSS",10,1.53,0.82,"none",1052,862,319,114,749,71
"Wales",2019,0.33,"ever",1986,0.066,0.74,0.066,1,"NBTSS",10,1.53,0.82,"none",1202,986,364,127,859,82
"Wales",2019,0.67,"ever",1985,0.066,0.74,0,0,"NBTSS",10,1,0.82,"basic",1362,1116,413,159,957,0
"Wales",2019,0.67,"ever",1985,0.066,0.74,0.0165,0.25,"NBTSS",10,1,0.82,"basic",1322,1084,401,155,929,0
"Wales",2019,0.67,"ever",1985,0.066,0.74,0.033,0.5,"NBTSS",10,1,0.82,"basic",1282,1051,389,150,901,0
"Wales",2019,0.67,"ever",1985,0.066,0.74,0.066,1,"NBTSS",10,1,0.82,"basic",1202,986,364,140,845,0
"Wales",2019,0.67,"ever",1986,0.066,0.74,0,0,"NBTSS",10,1,0.82,"basic",1457,1195,442,171,1023,0
"Wales",2019,0.67,"ever",1986,0.066,0.74,0.0165,0.25,"NBTSS",10,1,0.82,"basic",1393,1142,422,164,979,0
"Wales",2019,0.67,"ever",1986,0.066,0.74,0.033,0.5,"NBTSS",10,1,0.82,"basic",1330,1090,403,156,934,0
"Wales",2019,0.67,"ever",1986,0.066,0.74,0.066,1,"NBTSS",10,1,0.82,"basic",1202,986,364,140,845,0
"Wales",2019,0.33,"ever",1985,0.066,0.74,0,0,"NBTSS",10,1,0.82,"basic",878,720,266,107,613,0
"Wales",2019,0.33,"ever",1985,0.066,0.74,0.0165,0.25,"NBTSS",10,1,0.82,"basic",959,787,291,116,671,0
"Wales",2019,0.33,"ever",1985,0.066,0.74,0.033,0.5,"NBTSS",10,1,0.82,"basic",1040,853,315,124,729,0
"Wales",2019,0.33,"ever",1985,0.066,0.74,0.066,1,"NBTSS",10,1,0.82,"basic",1202,986,364,140,845,0
"Wales",2019,0.33,"ever",1986,0.066,0.74,0,0,"NBTSS",10,1,0.82,"basic",901,739,273,110,629,0
"Wales",2019,0.33,"ever",1986,0.066,0.74,0.0165,0.25,"NBTSS",10,1,0.82,"basic",977,801,296,118,683,0
"Wales",2019,0.33,"ever",1986,0.066,0.74,0.033,0.5,"NBTSS",10,1,0.82,"basic",1052,862,319,125,737,0
"Wales",2019,0.33,"ever",1986,0.066,0.74,0.066,1,"NBTSS",10,1,0.82,"basic",1202,986,364,140,845,0
"Wales",2019,0.67,"ever",1985,0.066,0.74,0,0,"NBTSS",10,1,0.82,"age",1362,1116,413,153,963,0
"Wales",2019,0.67,"ever",1985,0.066,0.74,0.0165,0.25,"NBTSS",10,1,0.82,"age",1322,1084,401,149,935,0
"Wales",2019,0.67,"ever",1985,0.066,0.74,0.033,0.5,"NBTSS",10,1,0.82,"age",1282,1051,389,144,907,0
"Wales",2019,0.67,"ever",1985,0.066,0.74,0.066,1,"NBTSS",10,1,0.82,"age",1202,986,364,135,851,0
"Wales",2019,0.67,"ever",1986,0.066,0.74,0,0,"NBTSS",10,1,0.82,"age",1457,1195,442,165,1030,0
"Wales",2019,0.67,"ever",1986,0.066,0.74,0.0165,0.25,"NBTSS",10,1,0.82,"age",1393,1142,422,158,985,0
"Wales",2019,0.67,"ever",1986,0.066,0.74,0.033,0.5,"NBTSS",10,1,0.82,"age",1330,1090,403,150,940,0
"Wales",2019,0.67,"ever",1986,0.066,0.74,0.066,1,"NBTSS",10,1,0.82,"age",1202,986,364,135,851,0
"Wales",2019,0.33,"ever",1985,0.066,0.74,0,0,"NBTSS",10,1,0.82,"age",878,720,266,103,617,0
"Wales",2019,0.33,"ever",1985,0.066,0.74,0.0165,0.25,"NBTSS",10,1,0.82,"age",959,787,291,111,675,0
"Wales",2019,0.33,"ever",1985,0.066,0.74,0.033,0.5,"NBTSS",10,1,0.82,"age",1040,853,315,119,734,0
"Wales",2019,0.33,"ever",1985,0.066,0.74,0.066,1,"NBTSS",10,1,0.82,"age",1202,986,364,135,851,0
"Wales",2019,0.33,"ever",1986,0.066,0.74,0,0,"NBTSS",10,1,0.82,"age",901,739,273,106,633,0
"Wales",2019,0.33,"ever",1986,0.066,0.74,0.0165,0.25,"NBTSS",10,1,0.82,"age",977,801,296,113,687,0
"Wales",2019,0.33,"ever",1986,0.066,0.74,0.033,0.5,"NBTSS",10,1,0.82,"age",1052,862,319,121,742,0
"Wales",2019,0.33,"ever",1986,0.066,0.74,0.066,1,"NBTSS",10,1,0.82,"age",1202,986,364,135,851,0
"Wales",2019,0.67,"ever",1985,0.066,0.74,0,0,"NBTSS",10,1,0.82,"none",1362,1116,413,163,953,0
"Wales",2019,0.67,"ever",1985,0.066,0.74,0.0165,0.25,"NBTSS",10,1,0.82,"none",1322,1084,401,158,926,0
"Wales",2019,0.67,"ever",1985,0.066,0.74,0.033,0.5,"NBTSS",10,1,0.82,"none",1282,1051,389,153,898,0
"Wales",2019,0.67,"ever",1985,0.066,0.74,0.066,1,"NBTSS",10,1,0.82,"none",1202,986,364,144,842,0
"Wales",2019,0.67,"ever",1986,0.066,0.74,0,0,"NBTSS",10,1,0.82,"none",1457,1195,442,175,1019,0
"Wales",2019,0.67,"ever",1986,0.066,0.74,0.0165,0.25,"NBTSS",10,1,0.82,"none",1393,1142,422,167,975,0
"Wales",2019,0.67,"ever",1986,0.066,0.74,0.033,0.5,"NBTSS",10,1,0.82,"none",1330,1090,403,160,931,0
"Wales",2019,0.67,"ever",1986,0.066,0.74,0.066,1,"NBTSS",10,1,0.82,"none",1202,986,364,144,842,0
"Wales",2019,0.33,"ever",1985,0.066,0.74,0,0,"NBTSS",10,1,0.82,"none",878,720,266,110,610,0
"Wales",2019,0.33,"ever",1985,0.066,0.74,0.0165,0.25,"NBTSS",10,1,0.82,"none",959,787,291,118,668,0
"Wales",2019,0.33,"ever",1985,0.066,0.74,0.033,0.5,"NBTSS",10,1,0.82,"none",1040,853,315,127,726,0
"Wales",2019,0.33,"ever",1985,0.066,0.74,0.066,1,"NBTSS",10,1,0.82,"none",1202,986,364,144,842,0
"Wales",2019,0.33,"ever",1986,0.066,0.74,0,0,"NBTSS",10,1,0.82,"none",901,739,273,113,626,0
"Wales",2019,0.33,"ever",1986,0.066,0.74,0.0165,0.25,"NBTSS",10,1,0.82,"none",977,801,296,121,680,0
"Wales",2019,0.33,"ever",1986,0.066,0.74,0.033,0.5,"NBTSS",10,1,0.82,"none",1052,862,319,128,734,0
"Wales",2019,0.33,"ever",1986,0.066,0.74,0.066,1,"NBTSS",10,1,0.82,"none",1202,986,364,144,842,0
"Wales",2019,0.33,"past",1986,0.066,0.74,0,0,"NBTSS",10,1.53,0.82,"basic",824,676,250,90,586,55
"Wales",2019,0.33,"past",1986,0.066,0.74,0.0165,0.25,"NBTSS",10,1.53,0.82,"basic",919,754,279,98,655,62
"Wales",2019,0.33,"past",1986,0.066,0.74,0.033,0.5,"NBTSS",10,1.53,0.82,"basic",1013,831,307,107,724,69
"Wales",2019,0.33,"past",1986,0.066,0.74,0.066,1,"NBTSS",10,1.53,0.82,"basic",1202,986,364,124,862,83
"Wales",2019,0.33,"past",1987,0.066,0.74,0,0,"NBTSS",10,1.53,0.82,"basic",848,695,257,93,603,57
"Wales",2019,0.33,"past",1987,0.066,0.74,0.0165,0.25,"NBTSS",10,1.53,0.82,"basic",936,768,284,100,667,64
"Wales",2019,0.33,"past",1987,0.066,0.74,0.033,0.5,"NBTSS",10,1.53,0.82,"basic",1025,841,311,108,732,70
"Wales",2019,0.33,"past",1987,0.066,0.74,0.066,1,"NBTSS",10,1.53,0.82,"basic",1202,986,364,124,862,83
"Wales",2019,0.2,"past",1986,0.066,0.74,0,0,"NBTSS",10,1.53,0.82,"basic",747,613,227,82,530,50
"Wales",2019,0.2,"past",1986,0.066,0.74,0.0165,0.25,"NBTSS",10,1.53,0.82,"basic",861,706,261,93,613,58
"Wales",2019,0.2,"past",1986,0.066,0.74,0.033,0.5,"NBTSS",10,1.53,0.82,"basic",975,799,295,103,696,67
"Wales",2019,0.2,"past",1986,0.066,0.74,0.066,1,"NBTSS",10,1.53,0.82,"basic",1202,986,364,124,862,83
"Wales",2019,0.2,"past",1987,0.066,0.74,0,0,"NBTSS",10,1.53,0.82,"basic",759,623,230,84,539,51
"Wales",2019,0.2,"past",1987,0.066,0.74,0.0165,0.25,"NBTSS",10,1.53,0.82,"basic",870,713,264,94,620,59
"Wales",2019,0.2,"past",1987,0.066,0.74,0.033,0.5,"NBTSS",10,1.53,0.82,"basic",981,804,297,104,700,67
"Wales",2019,0.2,"past",1987,0.066,0.74,0.066,1,"NBTSS",10,1.53,0.82,"basic",1202,986,364,124,862,83
"Wales",2019,0.33,"past",1986,0.066,0.74,0,0,"NBTSS",10,1.53,0.82,"age",824,676,250,85,591,57
"Wales",2019,0.33,"past",1986,0.066,0.74,0.0165,0.25,"NBTSS",10,1.53,0.82,"age",919,754,279,93,660,64
"Wales",2019,0.33,"past",1986,0.066,0.74,0.033,0.5,"NBTSS",10,1.53,0.82,"age",1013,831,307,101,730,71
"Wales",2019,0.33,"past",1986,0.066,0.74,0.066,1,"NBTSS",10,1.53,0.82,"age",1202,986,364,118,868,86
"Wales",2019,0.33,"past",1987,0.066,0.74,0,0,"NBTSS",10,1.53,0.82,"age",848,695,257,88,608,59
"Wales",2019,0.33,"past",1987,0.066,0.74,0.0165,0.25,"NBTSS",10,1.53,0.82,"age",936,768,284,95,673,65
"Wales",2019,0.33,"past",1987,0.066,0.74,0.033,0.5,"NBTSS",10,1.53,0.82,"age",1025,841,311,103,738,72
"Wales",2019,0.33,"past",1987,0.066,0.74,0.066,1,"NBTSS",10,1.53,0.82,"age",1202,986,364,118,868,86
"Wales",2019,0.2,"past",1986,0.066,0.74,0,0,"NBTSS",10,1.53,0.82,"age",747,613,227,78,535,51
"Wales",2019,0.2,"past",1986,0.066,0.74,0.0165,0.25,"NBTSS",10,1.53,0.82,"age",861,706,261,88,618,60
"Wales",2019,0.2,"past",1986,0.066,0.74,0.033,0.5,"NBTSS",10,1.53,0.82,"age",975,799,295,98,702,68
"Wales",2019,0.2,"past",1986,0.066,0.74,0.066,1,"NBTSS",10,1.53,0.82,"age",1202,986,364,118,868,86
"Wales",2019,0.2,"past",1987,0.066,0.74,0,0,"NBTSS",10,1.53,0.82,"age",759,623,230,79,543,52
"Wales",2019,0.2,"past",1987,0.066,0.74,0.0165,0.25,"NBTSS",10,1.53,0.82,"age",870,713,264,89,625,61
"Wales",2019,0.2,"past",1987,0.066,0.74,0.033,0.5,"NBTSS",10,1.53,0.82,"age",981,804,297,98,706,69
"Wales",2019,0.2,"past",1987,0.066,0.74,0.066,1,"NBTSS",10,1.53,0.82,"age",1202,986,364,118,868,86
"Wales",2019,0.33,"past",1986,0.066,0.74,0,0,"NBTSS",10,1.53,0.82,"none",824,676,250,92,584,55
"Wales",2019,0.33,"past",1986,0.066,0.74,0.0165,0.25,"NBTSS",10,1.53,0.82,"none",919,754,279,101,652,61
"Wales",2019,0.33,"past",1986,0.066,0.74,0.033,0.5,"NBTSS",10,1.53,0.82,"none",1013,831,307,110,721,68
"Wales",2019,0.33,"past",1986,0.066,0.74,0.066,1,"NBTSS",10,1.53,0.82,"none",1202,986,364,127,859,82
"Wales",2019,0.33,"past",1987,0.066,0.74,0,0,"NBTSS",10,1.53,0.82,"none",848,695,257,95,600,56
"Wales",2019,0.33,"past",1987,0.066,0.74,0.0165,0.25,"NBTSS",10,1.53,0.82,"none",936,768,284,103,665,63
"Wales",2019,0.33,"past",1987,0.066,0.74,0.033,0.5,"NBTSS",10,1.53,0.82,"none",1025,841,311,111,729,69
"Wales",2019,0.33,"past",1987,0.066,0.74,0.066,1,"NBTSS",10,1.53,0.82,"none",1202,986,364,127,859,82
"Wales",2019,0.2,"past",1986,0.066,0.74,0,0,"NBTSS",10,1.53,0.82,"none",747,613,227,85,528,49
"Wales",2019,0.2,"past",1986,0.066,0.74,0.0165,0.25,"NBTSS",10,1.53,0.82,"none",861,706,261,95,611,57
"Wales",2019,0.2,"past",1986,0.066,0.74,0.033,0.5,"NBTSS",10,1.53,0.82,"none",975,799,295,106,693,66
"Wales",2019,0.2,"past",1986,0.066,0.74,0.066,1,"NBTSS",10,1.53,0.82,"none",1202,986,364,127,859,82
"Wales",2019,0.2,"past",1987,0.066,0.74,0,0,"NBTSS",10,1.53,0.82,"none",759,623,230,86,536,50
"Wales",2019,0.2,"past",1987,0.066,0.74,0.0165,0.25,"NBTSS",10,1.53,0.82,"none",870,713,264,96,617,58
"Wales",2019,0.2,"past",1987,0.066,0.74,0.033,0.5,"NBTSS",10,1.53,0.82,"none",981,804,297,107,698,66
"Wales",2019,0.2,"past",1987,0.066,0.74,0.066,1,"NBTSS",10,1.53,0.82,"none",1202,986,364,127,859,82
"Wales",2019,0.33,"past",1986,0.066,0.74,0,0,"NBTSS",10,1,0.82,"basic",824,676,250,101,575,0
"Wales",2019,0.33,"past",1986,0.066,0.74,0.0165,0.25,"NBTSS",10,1,0.82,"basic",919,754,279,111,642,0
"Wales",2019,0.33,"past",1986,0.066,0.74,0.033,0.5,"NBTSS",10,1,0.82,"basic",1013,831,307,121,710,0
"Wales",2019,0.33,"past",1986,0.066,0.74,0.066,1,"NBTSS",10,1,0.82,"basic",1202,986,364,140,845,0
"Wales",2019,0.33,"past",1987,0.066,0.74,0,0,"NBTSS",10,1,0.82,"basic",848,695,257,104,591,0
"Wales",2019,0.33,"past",1987,0.066,0.74,0.0165,0.25,"NBTSS",10,1,0.82,"basic",936,768,284,113,654,0
"Wales",2019,0.33,"past",1987,0.066,0.74,0.033,0.5,"NBTSS",10,1,0.82,"basic",1025,841,311,122,718,0
"Wales",2019,0.33,"past",1987,0.066,0.74,0.066,1,"NBTSS",10,1,0.82,"basic",1202,986,364,140,845,0
"Wales",2019,0.2,"past",1986,0.066,0.74,0,0,"NBTSS",10,1,0.82,"basic",747,613,227,93,520,0
"Wales",2019,0.2,"past",1986,0.066,0.74,0.0165,0.25,"NBTSS",10,1,0.82,"basic",861,706,261,105,601,0
"Wales",2019,0.2,"past",1986,0.066,0.74,0.033,0.5,"NBTSS",10,1,0.82,"basic",975,799,295,117,683,0
"Wales",2019,0.2,"past",1986,0.066,0.74,0.066,1,"NBTSS",10,1,0.82,"basic",1202,986,364,140,845,0
"Wales",2019,0.2,"past",1987,0.066,0.74,0,0,"NBTSS",10,1,0.82,"basic",759,623,230,94,528,0
"Wales",2019,0.2,"past",1987,0.066,0.74,0.0165,0.25,"NBTSS",10,1,0.82,"basic",870,713,264,106,608,0
"Wales",2019,0.2,"past",1987,0.066,0.74,0.033,0.5,"NBTSS",10,1,0.82,"basic",981,804,297,117,687,0
"Wales",2019,0.2,"past",1987,0.066,0.74,0.066,1,"NBTSS",10,1,0.82,"basic",1202,986,364,140,845,0
"Wales",2019,0.33,"past",1986,0.066,0.74,0,0,"NBTSS",10,1,0.82,"age",824,676,250,98,578,0
"Wales",2019,0.33,"past",1986,0.066,0.74,0.0165,0.25,"NBTSS",10,1,0.82,"age",919,754,279,107,646,0
"Wales",2019,0.33,"past",1986,0.066,0.74,0.033,0.5,"NBTSS",10,1,0.82,"age",1013,831,307,116,715,0
"Wales",2019,0.33,"past",1986,0.066,0.74,0.066,1,"NBTSS",10,1,0.82,"age",1202,986,364,135,851,0
"Wales",2019,0.33,"past",1987,0.066,0.74,0,0,"NBTSS",10,1,0.82,"age",848,695,257,101,595,0
"Wales",2019,0.33,"past",1987,0.066,0.74,0.0165,0.25,"NBTSS",10,1,0.82,"age",936,768,284,109,659,0
"Wales",2019,0.33,"past",1987,0.066,0.74,0.033,0.5,"NBTSS",10,1,0.82,"age",1025,841,311,118,723,0
"Wales",2019,0.33,"past",1987,0.066,0.74,0.066,1,"NBTSS",10,1,0.82,"age",1202,986,364,135,851,0
"Wales",2019,0.2,"past",1986,0.066,0.74,0,0,"NBTSS",10,1,0.82,"age",747,613,227,89,523,0
"Wales",2019,0.2,"past",1986,0.066,0.74,0.0165,0.25,"NBTSS",10,1,0.82,"age",861,706,261,101,605,0
"Wales",2019,0.2,"past",1986,0.066,0.74,0.033,0.5,"NBTSS",10,1,0.82,"age",975,799,295,112,687,0
"Wales",2019,0.2,"past",1986,0.066,0.74,0.066,1,"NBTSS",10,1,0.82,"age",1202,986,364,135,851,0
"Wales",2019,0.2,"past",1987,0.066,0.74,0,0,"NBTSS",10,1,0.82,"age",759,623,230,91,532,0
"Wales",2019,0.2,"past",1987,0.066,0.74,0.0165,0.25,"NBTSS",10,1,0.82,"age",870,713,264,102,611,0
"Wales",2019,0.2,"past",1987,0.066,0.74,0.033,0.5,"NBTSS",10,1,0.82,"age",981,804,297,113,691,0
"Wales",2019,0.2,"past",1987,0.066,0.74,0.066,1,"NBTSS",10,1,0.82,"age",1202,986,364,135,851,0
"Wales",2019,0.33,"past",1986,0.066,0.74,0,0,"NBTSS",10,1,0.82,"none",824,676,250,104,572,0
"Wales",2019,0.33,"past",1986,0.066,0.74,0.0165,0.25,"NBTSS",10,1,0.82,"none",919,754,279,114,640,0
"Wales",2019,0.33,"past",1986,0.066,0.74,0.033,0.5,"NBTSS",10,1,0.82,"none",1013,831,307,124,707,0
"Wales",2019,0.33,"past",1986,0.066,0.74,0.066,1,"NBTSS",10,1,0.82,"none",1202,986,364,144,842,0
"Wales",2019,0.33,"past",1987,0.066,0.74,0,0,"NBTSS",10,1,0.82,"none",848,695,257,107,588,0
"Wales",2019,0.33,"past",1987,0.066,0.74,0.0165,0.25,"NBTSS",10,1,0.82,"none",936,768,284,116,652,0
"Wales",2019,0.33,"past",1987,0.066,0.74,0.033,0.5,"NBTSS",10,1,0.82,"none",1025,841,311,125,715,0
"Wales",2019,0.33,"past",1987,0.066,0.74,0.066,1,"NBTSS",10,1,0.82,"none",1202,986,364,144,842,0
"Wales",2019,0.2,"past",1986,0.066,0.74,0,0,"NBTSS",10,1,0.82,"none",747,613,227,95,518,0
"Wales",2019,0.2,"past",1986,0.066,0.74,0.0165,0.25,"NBTSS",10,1,0.82,"none",861,706,261,107,599,0
"Wales",2019,0.2,"past",1986,0.066,0.74,0.033,0.5,"NBTSS",10,1,0.82,"none",975,799,295,119,680,0
"Wales",2019,0.2,"past",1986,0.066,0.74,0.066,1,"NBTSS",10,1,0.82,"none",1202,986,364,144,842,0
"Wales",2019,0.2,"past",1987,0.066,0.74,0,0,"NBTSS",10,1,0.82,"none",759,623,230,97,526,0
"Wales",2019,0.2,"past",1987,0.066,0.74,0.0165,0.25,"NBTSS",10,1,0.82,"none",870,713,264,109,605,0
"Wales",2019,0.2,"past",1987,0.066,0.74,0.033,0.5,"NBTSS",10,1,0.82,"none",981,804,297,120,684,0
"Wales",2019,0.2,"past",1987,0.066,0.74,0.066,1,"NBTSS",10,1,0.82,"none",1202,986,364,144,842,0
"Scotland",2019,0.67,"ever",1984,0.088,0.74,0,0,"NBTSS",10,1.53,0.82,"basic",2252,1847,683,245,1602,152
"Scotland",2019,0.67,"ever",1984,0.088,0.74,0.022,0.25,"NBTSS",10,1.53,0.82,"basic",2717,2228,823,285,1943,186
"Scotland",2019,0.67,"ever",1984,0.088,0.74,0.044,0.5,"NBTSS",10,1.53,0.82,"basic",3182,2609,964,325,2284,221
"Scotland",2019,0.67,"ever",1984,0.088,0.74,0.088,1,"NBTSS",10,1.53,0.82,"basic",4111,3371,1246,405,2966,291
"Scotland",2019,0.67,"ever",1985,0.088,0.74,0,0,"NBTSS",10,1.53,0.82,"basic",2442,2002,740,265,1737,165
"Scotland",2019,0.67,"ever",1985,0.088,0.74,0.022,0.25,"NBTSS",10,1.53,0.82,"basic",2859,2344,867,300,2044,196
"Scotland",2019,0.67,"ever",1985,0.088,0.74,0.044,0.5,"NBTSS",10,1.53,0.82,"basic",3276,2687,993,335,2352,228
"Scotland",2019,0.67,"ever",1985,0.088,0.74,0.088,1,"NBTSS",10,1.53,0.82,"basic",4111,3371,1246,405,2966,291
"Scotland",2019,0.33,"ever",1984,0.088,0.74,0,0,"NBTSS",10,1.53,0.82,"basic",1832,1502,555,207,1296,121
"Scotland",2019,0.33,"ever",1984,0.088,0.74,0.022,0.25,"NBTSS",10,1.53,0.82,"basic",2402,1970,728,256,1713,163
"Scotland",2019,0.33,"ever",1984,0.088,0.74,0.044,0.5,"NBTSS",10,1.53,0.82,"basic",2971,2437,901,306,2131,206
"Scotland",2019,0.33,"ever",1984,0.088,0.74,0.088,1,"NBTSS",10,1.53,0.82,"basic",4111,3371,1246,405,2966,291
"Scotland",2019,0.33,"ever",1985,0.088,0.74,0,0,"NBTSS",10,1.53,0.82,"basic",1878,1540,569,211,1328,124
"Scotland",2019,0.33,"ever",1985,0.088,0.74,0.022,0.25,"NBTSS",10,1.53,0.82,"basic",2436,1998,738,260,1738,166
"Scotland",2019,0.33,"ever",1985,0.088,0.74,0.044,0.5,"NBTSS",10,1.53,0.82,"basic",2994,2455,908,308,2147,208
"Scotland",2019,0.33,"ever",1985,0.088,0.74,0.088,1,"NBTSS",10,1.53,0.82,"basic",4111,3371,1246,405,2966,291
"Scotland",2019,0.67,"ever",1984,0.088,0.74,0,0,"NBTSS",10,1.53,0.82,"age",2252,1847,683,230,1617,157
"Scotland",2019,0.67,"ever",1984,0.088,0.74,0.022,0.25,"NBTSS",10,1.53,0.82,"age",2717,2228,823,267,1961,193
"Scotland",2019,0.67,"ever",1984,0.088,0.74,0.044,0.5,"NBTSS",10,1.53,0.82,"age",3182,2609,964,305,2304,228
"Scotland",2019,0.67,"ever",1984,0.088,0.74,0.088,1,"NBTSS",10,1.53,0.82,"age",4111,3371,1246,380,2991,300
"Scotland",2019,0.67,"ever",1985,0.088,0.74,0,0,"NBTSS",10,1.53,0.82,"age",2442,2002,740,248,1754,170
"Scotland",2019,0.67,"ever",1985,0.088,0.74,0.022,0.25,"NBTSS",10,1.53,0.82,"age",2859,2344,867,281,2063,203
"Scotland",2019,0.67,"ever",1985,0.088,0.74,0.044,0.5,"NBTSS",10,1.53,0.82,"age",3276,2687,993,314,2373,235
"Scotland",2019,0.67,"ever",1985,0.088,0.74,0.088,1,"NBTSS",10,1.53,0.82,"age",4111,3371,1246,380,2991,300
"Scotland",2019,0.33,"ever",1984,0.088,0.74,0,0,"NBTSS",10,1.53,0.82,"age",1832,1502,555,193,1309,125
"Scotland",2019,0.33,"ever",1984,0.088,0.74,0.022,0.25,"NBTSS",10,1.53,0.82,"age",2402,1970,728,240,1730,169
"Scotland",2019,0.33,"ever",1984,0.088,0.74,0.044,0.5,"NBTSS",10,1.53,0.82,"age",2971,2437,901,287,2150,213
"Scotland",2019,0.33,"ever",1984,0.088,0.74,0.088,1,"NBTSS",10,1.53,0.82,"age",4111,3371,1246,380,2991,300
"Scotland",2019,0.33,"ever",1985,0.088,0.74,0,0,"NBTSS",10,1.53,0.82,"age",1878,1540,569,198,1342,129
"Scotland",2019,0.33,"ever",1985,0.088,0.74,0.022,0.25,"NBTSS",10,1.53,0.82,"age",2436,1998,738,243,1754,171
"Scotland",2019,0.33,"ever",1985,0.088,0.74,0.044,0.5,"NBTSS",10,1.53,0.82,"age",2994,2455,908,289,2167,214
"Scotland",2019,0.33,"ever",1985,0.088,0.74,0.088,1,"NBTSS",10,1.53,0.82,"age",4111,3371,1246,380,2991,300
"Scotland",2019,0.67,"ever",1984,0.088,0.74,0,0,"NBTSS",10,1.53,0.82,"none",2252,1847,683,253,1594,149
"Scotland",2019,0.67,"ever",1984,0.088,0.74,0.022,0.25,"NBTSS",10,1.53,0.82,"none",2717,2228,823,294,1934,183
"Scotland",2019,0.67,"ever",1984,0.088,0.74,0.044,0.5,"NBTSS",10,1.53,0.82,"none",3182,2609,964,335,2274,218
"Scotland",2019,0.67,"ever",1984,0.088,0.74,0.088,1,"NBTSS",10,1.53,0.82,"none",4111,3371,1246,416,2954,287
"Scotland",2019,0.67,"ever",1985,0.088,0.74,0,0,"NBTSS",10,1.53,0.82,"none",2442,2002,740,274,1729,162
"Scotland",2019,0.67,"ever",1985,0.088,0.74,0.022,0.25,"NBTSS",10,1.53,0.82,"none",2859,2344,867,309,2035,193
"Scotland",2019,0.67,"ever",1985,0.088,0.74,0.044,0.5,"NBTSS",10,1.53,0.82,"none",3276,2687,993,345,2341,224
"Scotland",2019,0.67,"ever",1985,0.088,0.74,0.088,1,"NBTSS",10,1.53,0.82,"none",4111,3371,1246,416,2954,287
"Scotland",2019,0.33,"ever",1984,0.088,0.74,0,0,"NBTSS",10,1.53,0.82,"none",1832,1502,555,214,1289,118
"Scotland",2019,0.33,"ever",1984,0.088,0.74,0.022,0.25,"NBTSS",10,1.53,0.82,"none",2402,1970,728,265,1705,161
"Scotland",2019,0.33,"ever",1984,0.088,0.74,0.044,0.5,"NBTSS",10,1.53,0.82,"none",2971,2437,901,315,2121,203
"Scotland",2019,0.33,"ever",1984,0.088,0.74,0.088,1,"NBTSS",10,1.53,0.82,"none",4111,3371,1246,416,2954,287
"Scotland",2019,0.33,"ever",1985,0.088,0.74,0,0,"NBTSS",10,1.53,0.82,"none",1878,1540,569,219,1321,121
"Scotland",2019,0.33,"ever",1985,0.088,0.74,0.022,0.25,"NBTSS",10,1.53,0.82,"none",2436,1998,738,268,1729,163
"Scotland",2019,0.33,"ever",1985,0.088,0.74,0.044,0.5,"NBTSS",10,1.53,0.82,"none",2994,2455,908,318,2138,204
"Scotland",2019,0.33,"ever",1985,0.088,0.74,0.088,1,"NBTSS",10,1.53,0.82,"none",4111,3371,1246,416,2954,287
"Scotland",2019,0.67,"ever",1984,0.088,0.74,0,0,"NBTSS",10,1,0.82,"basic",2252,1847,683,278,1569,0
"Scotland",2019,0.67,"ever",1984,0.088,0.74,0.022,0.25,"NBTSS",10,1,0.82,"basic",2717,2228,823,324,1904,0
"Scotland",2019,0.67,"ever",1984,0.088,0.74,0.044,0.5,"NBTSS",10,1,0.82,"basic",3182,2609,964,370,2239,0
"Scotland",2019,0.67,"ever",1984,0.088,0.74,0.088,1,"NBTSS",10,1,0.82,"basic",4111,3371,1246,462,2909,0
"Scotland",2019,0.67,"ever",1985,0.088,0.74,0,0,"NBTSS",10,1,0.82,"basic",2442,2002,740,300,1702,0
"Scotland",2019,0.67,"ever",1985,0.088,0.74,0.022,0.25,"NBTSS",10,1,0.82,"basic",2859,2344,867,341,2004,0
"Scotland",2019,0.67,"ever",1985,0.088,0.74,0.044,0.5,"NBTSS",10,1,0.82,"basic",3276,2687,993,381,2305,0
"Scotland",2019,0.67,"ever",1985,0.088,0.74,0.088,1,"NBTSS",10,1,0.82,"basic",4111,3371,1246,462,2909,0
"Scotland",2019,0.33,"ever",1984,0.088,0.74,0,0,"NBTSS",10,1,0.82,"basic",1832,1502,555,234,1269,0
"Scotland",2019,0.33,"ever",1984,0.088,0.74,0.022,0.25,"NBTSS",10,1,0.82,"basic",2402,1970,728,291,1679,0
"Scotland",2019,0.33,"ever",1984,0.088,0.74,0.044,0.5,"NBTSS",10,1,0.82,"basic",2971,2437,901,348,2089,0
"Scotland",2019,0.33,"ever",1984,0.088,0.74,0.088,1,"NBTSS",10,1,0.82,"basic",4111,3371,1246,462,2909,0
"Scotland",2019,0.33,"ever",1985,0.088,0.74,0,0,"NBTSS",10,1,0.82,"basic",1878,1540,569,239,1301,0
"Scotland",2019,0.33,"ever",1985,0.088,0.74,0.022,0.25,"NBTSS",10,1,0.82,"basic",2436,1998,738,295,1703,0
"Scotland",2019,0.33,"ever",1985,0.088,0.74,0.044,0.5,"NBTSS",10,1,0.82,"basic",2994,2455,908,351,2105,0
"Scotland",2019,0.33,"ever",1985,0.088,0.74,0.088,1,"NBTSS",10,1,0.82,"basic",4111,3371,1246,462,2909,0
"Scotland",2019,0.67,"ever",1984,0.088,0.74,0,0,"NBTSS",10,1,0.82,"age",2252,1847,683,266,1581,0
"Scotland",2019,0.67,"ever",1984,0.088,0.74,0.022,0.25,"NBTSS",10,1,0.82,"age",2717,2228,823,310,1918,0
"Scotland",2019,0.67,"ever",1984,0.088,0.74,0.044,0.5,"NBTSS",10,1,0.82,"age",3182,2609,964,354,2255,0
"Scotland",2019,0.67,"ever",1984,0.088,0.74,0.088,1,"NBTSS",10,1,0.82,"age",4111,3371,1246,442,2928,0
"Scotland",2019,0.67,"ever",1985,0.088,0.74,0,0,"NBTSS",10,1,0.82,"age",2442,2002,740,287,1715,0
"Scotland",2019,0.67,"ever",1985,0.088,0.74,0.022,0.25,"NBTSS",10,1,0.82,"age",2859,2344,867,326,2018,0
"Scotland",2019,0.67,"ever",1985,0.088,0.74,0.044,0.5,"NBTSS",10,1,0.82,"age",3276,2687,993,365,2322,0
"Scotland",2019,0.67,"ever",1985,0.088,0.74,0.088,1,"NBTSS",10,1,0.82,"age",4111,3371,1246,442,2928,0
"Scotland",2019,0.33,"ever",1984,0.088,0.74,0,0,"NBTSS",10,1,0.82,"age",1832,1502,555,224,1279,0
"Scotland",2019,0.33,"ever",1984,0.088,0.74,0.022,0.25,"NBTSS",10,1,0.82,"age",2402,1970,728,278,1691,0
"Scotland",2019,0.33,"ever",1984,0.088,0.74,0.044,0.5,"NBTSS",10,1,0.82,"age",2971,2437,901,333,2104,0
"Scotland",2019,0.33,"ever",1984,0.088,0.74,0.088,1,"NBTSS",10,1,0.82,"age",4111,3371,1246,442,2928,0
"Scotland",2019,0.33,"ever",1985,0.088,0.74,0,0,"NBTSS",10,1,0.82,"age",1878,1540,569,229,1311,0
"Scotland",2019,0.33,"ever",1985,0.088,0.74,0.022,0.25,"NBTSS",10,1,0.82,"age",2436,1998,738,282,1715,0
"Scotland",2019,0.33,"ever",1985,0.088,0.74,0.044,0.5,"NBTSS",10,1,0.82,"age",2994,2455,908,336,2120,0
"Scotland",2019,0.33,"ever",1985,0.088,0.74,0.088,1,"NBTSS",10,1,0.82,"age",4111,3371,1246,442,2928,0
"Scotland",2019,0.67,"ever",1984,0.088,0.74,0,0,"NBTSS",10,1,0.82,"none",2252,1847,683,286,1561,0
"Scotland",2019,0.67,"ever",1984,0.088,0.74,0.022,0.25,"NBTSS",10,1,0.82,"none",2717,2228,823,333,1894,0
"Scotland",2019,0.67,"ever",1984,0.088,0.74,0.044,0.5,"NBTSS",10,1,0.82,"none",3182,2609,964,380,2228,0
"Scotland",2019,0.67,"ever",1984,0.088,0.74,0.088,1,"NBTSS",10,1,0.82,"none",4111,3371,1246,474,2896,0
"Scotland",2019,0.67,"ever",1985,0.088,0.74,0,0,"NBTSS",10,1,0.82,"none",2442,2002,740,309,1693,0
"Scotland",2019,0.67,"ever",1985,0.088,0.74,0.022,0.25,"NBTSS",10,1,0.82,"none",2859,2344,867,351,1994,0
"Scotland",2019,0.67,"ever",1985,0.088,0.74,0.044,0.5,"NBTSS",10,1,0.82,"none",3276,2687,993,392,2295,0
"Scotland",2019,0.67,"ever",1985,0.088,0.74,0.088,1,"NBTSS",10,1,0.82,"none",4111,3371,1246,474,2896,0
"Scotland",2019,0.33,"ever",1984,0.088,0.74,0,0,"NBTSS",10,1,0.82,"none",1832,1502,555,241,1261,0
"Scotland",2019,0.33,"ever",1984,0.088,0.74,0.022,0.25,"NBTSS",10,1,0.82,"none",2402,1970,728,300,1670,0
"Scotland",2019,0.33,"ever",1984,0.088,0.74,0.044,0.5,"NBTSS",10,1,0.82,"none",2971,2437,901,358,2079,0
"Scotland",2019,0.33,"ever",1984,0.088,0.74,0.088,1,"NBTSS",10,1,0.82,"none",4111,3371,1246,474,2896,0
"Scotland",2019,0.33,"ever",1985,0.088,0.74,0,0,"NBTSS",10,1,0.82,"none",1878,1540,569,247,1293,0
"Scotland",2019,0.33,"ever",1985,0.088,0.74,0.022,0.25,"NBTSS",10,1,0.82,"none",2436,1998,738,304,1694,0
"Scotland",2019,0.33,"ever",1985,0.088,0.74,0.044,0.5,"NBTSS",10,1,0.82,"none",2994,2455,908,361,2095,0
"Scotland",2019,0.33,"ever",1985,0.088,0.74,0.088,1,"NBTSS",10,1,0.82,"none",4111,3371,1246,474,2896,0
"Scotland",2019,0.67,"ever",1984,0.088,0.74,0,0,"S&G",10,1.53,0.82,"basic",1438,1179,436,154,1025,98
"Scotland",2019,0.67,"ever",1984,0.088,0.74,0.022,0.25,"S&G",10,1.53,0.82,"basic",1787,1465,542,183,1282,124
"Scotland",2019,0.67,"ever",1984,0.088,0.74,0.044,0.5,"S&G",10,1.53,0.82,"basic",2137,1752,648,212,1540,151
"Scotland",2019,0.67,"ever",1984,0.088,0.74,0.088,1,"S&G",10,1.53,0.82,"basic",2836,2325,859,271,2054,204
"Scotland",2019,0.67,"ever",1985,0.088,0.74,0,0,"S&G",10,1.53,0.82,"basic",1562,1281,473,167,1114,106
"Scotland",2019,0.67,"ever",1985,0.088,0.74,0.022,0.25,"S&G",10,1.53,0.82,"basic",1880,1542,570,193,1349,131
"Scotland",2019,0.67,"ever",1985,0.088,0.74,0.044,0.5,"S&G",10,1.53,0.82,"basic",2199,1803,666,219,1584,155
"Scotland",2019,0.67,"ever",1985,0.088,0.74,0.088,1,"S&G",10,1.53,0.82,"basic",2836,2325,859,271,2054,204
"Scotland",2019,0.33,"ever",1984,0.088,0.74,0,0,"S&G",10,1.53,0.82,"basic",1131,927,343,126,802,75
"Scotland",2019,0.33,"ever",1984,0.088,0.74,0.022,0.25,"S&G",10,1.53,0.82,"basic",1557,1277,472,162,1115,107
"Scotland",2019,0.33,"ever",1984,0.088,0.74,0.044,0.5,"S&G",10,1.53,0.82,"basic",1983,1626,601,198,1428,139
"Scotland",2019,0.33,"ever",1984,0.088,0.74,0.088,1,"S&G",10,1.53,0.82,"basic",2836,2325,859,271,2054,204
"Scotland",2019,0.33,"ever",1985,0.088,0.74,0,0,"S&G",10,1.53,0.82,"basic",1161,952,352,129,823,77
"Scotland",2019,0.33,"ever",1985,0.088,0.74,0.022,0.25,"S&G",10,1.53,0.82,"basic",1580,1295,479,164,1131,109
"Scotland",2019,0.33,"ever",1985,0.088,0.74,0.044,0.5,"S&G",10,1.53,0.82,"basic",1998,1639,606,200,1439,141
"Scotland",2019,0.33,"ever",1985,0.088,0.74,0.088,1,"S&G",10,1.53,0.82,"basic",2836,2325,859,271,2054,204
"Scotland",2019,0.67,"ever",1984,0.088,0.74,0,0,"S&G",10,1.53,0.82,"age",1438,1179,436,144,1035,101
"Scotland",2019,0.67,"ever",1984,0.088,0.74,0.022,0.25,"S&G",10,1.53,0.82,"age",1787,1465,542,172,1294,128
"Scotland",2019,0.67,"ever",1984,0.088,0.74,0.044,0.5,"S&G",10,1.53,0.82,"age",2137,1752,648,199,1553,155
"Scotland",2019,0.67,"ever",1984,0.088,0.74,0.088,1,"S&G",10,1.53,0.82,"age",2836,2325,859,255,2071,210
"Scotland",2019,0.67,"ever",1985,0.088,0.74,0,0,"S&G",10,1.53,0.82,"age",1562,1281,473,156,1125,110
"Scotland",2019,0.67,"ever",1985,0.088,0.74,0.022,0.25,"S&G",10,1.53,0.82,"age",1880,1542,570,181,1361,135
"Scotland",2019,0.67,"ever",1985,0.088,0.74,0.044,0.5,"S&G",10,1.53,0.82,"age",2199,1803,666,205,1598,160
"Scotland",2019,0.67,"ever",1985,0.088,0.74,0.088,1,"S&G",10,1.53,0.82,"age",2836,2325,859,255,2071,210
"Scotland",2019,0.33,"ever",1984,0.088,0.74,0,0,"S&G",10,1.53,0.82,"age",1131,927,343,118,810,78
"Scotland",2019,0.33,"ever",1984,0.088,0.74,0.022,0.25,"S&G",10,1.53,0.82,"age",1557,1277,472,152,1125,111
"Scotland",2019,0.33,"ever",1984,0.088,0.74,0.044,0.5,"S&G",10,1.53,0.82,"age",1983,1626,601,186,1440,144
"Scotland",2019,0.33,"ever",1984,0.088,0.74,0.088,1,"S&G",10,1.53,0.82,"age",2836,2325,859,255,2071,210
"Scotland",2019,0.33,"ever",1985,0.088,0.74,0,0,"S&G",10,1.53,0.82,"age",1161,952,352,121,831,80
"Scotland",2019,0.33,"ever",1985,0.088,0.74,0.022,0.25,"S&G",10,1.53,0.82,"age",1580,1295,479,154,1141,112
"Scotland",2019,0.33,"ever",1985,0.088,0.74,0.044,0.5,"S&G",10,1.53,0.82,"age",1998,1639,606,188,1451,145
"Scotland",2019,0.33,"ever",1985,0.088,0.74,0.088,1,"S&G",10,1.53,0.82,"age",2836,2325,859,255,2071,210
"Scotland",2019,0.67,"ever",1984,0.088,0.74,0,0,"S&G",10,1.53,0.82,"none",1438,1179,436,159,1020,96
"Scotland",2019,0.67,"ever",1984,0.088,0.74,0.022,0.25,"S&G",10,1.53,0.82,"none",1787,1465,542,189,1277,122
"Scotland",2019,0.67,"ever",1984,0.088,0.74,0.044,0.5,"S&G",10,1.53,0.82,"none",2137,1752,648,219,1533,149
"Scotland",2019,0.67,"ever",1984,0.088,0.74,0.088,1,"S&G",10,1.53,0.82,"none",2836,2325,859,279,2047,201
"Scotland",2019,0.67,"ever",1985,0.088,0.74,0,0,"S&G",10,1.53,0.82,"none",1562,1281,473,172,1109,104
"Scotland",2019,0.67,"ever",1985,0.088,0.74,0.022,0.25,"S&G",10,1.53,0.82,"none",1880,1542,570,199,1343,129
"Scotland",2019,0.67,"ever",1985,0.088,0.74,0.044,0.5,"S&G",10,1.53,0.82,"none",2199,1803,666,225,1578,153
"Scotland",2019,0.67,"ever",1985,0.088,0.74,0.088,1,"S&G",10,1.53,0.82,"none",2836,2325,859,279,2047,201
"Scotland",2019,0.33,"ever",1984,0.088,0.74,0,0,"S&G",10,1.53,0.82,"none",1131,927,343,130,797,74
"Scotland",2019,0.33,"ever",1984,0.088,0.74,0.022,0.25,"S&G",10,1.53,0.82,"none",1557,1277,472,167,1110,106
"Scotland",2019,0.33,"ever",1984,0.088,0.74,0.044,0.5,"S&G",10,1.53,0.82,"none",1983,1626,601,204,1422,137
"Scotland",2019,0.33,"ever",1984,0.088,0.74,0.088,1,"S&G",10,1.53,0.82,"none",2836,2325,859,279,2047,201
"Scotland",2019,0.33,"ever",1985,0.088,0.74,0,0,"S&G",10,1.53,0.82,"none",1161,952,352,133,819,76
"Scotland",2019,0.33,"ever",1985,0.088,0.74,0.022,0.25,"S&G",10,1.53,0.82,"none",1580,1295,479,170,1126,107
"Scotland",2019,0.33,"ever",1985,0.088,0.74,0.044,0.5,"S&G",10,1.53,0.82,"none",1998,1639,606,206,1433,138
"Scotland",2019,0.33,"ever",1985,0.088,0.74,0.088,1,"S&G",10,1.53,0.82,"none",2836,2325,859,279,2047,201
"Scotland",2019,0.67,"ever",1984,0.088,0.74,0,0,"S&G",10,1,0.82,"basic",1438,1179,436,174,1004,0
"Scotland",2019,0.67,"ever",1984,0.088,0.74,0.022,0.25,"S&G",10,1,0.82,"basic",1787,1465,542,208,1257,0
"Scotland",2019,0.67,"ever",1984,0.088,0.74,0.044,0.5,"S&G",10,1,0.82,"basic",2137,1752,648,242,1510,0
"Scotland",2019,0.67,"ever",1984,0.088,0.74,0.088,1,"S&G",10,1,0.82,"basic",2836,2325,859,310,2015,0
"Scotland",2019,0.67,"ever",1985,0.088,0.74,0,0,"S&G",10,1,0.82,"basic",1562,1281,473,189,1092,0
"Scotland",2019,0.67,"ever",1985,0.088,0.74,0.022,0.25,"S&G",10,1,0.82,"basic",1880,1542,570,220,1322,0
"Scotland",2019,0.67,"ever",1985,0.088,0.74,0.044,0.5,"S&G",10,1,0.82,"basic",2199,1803,666,250,1553,0
"Scotland",2019,0.67,"ever",1985,0.088,0.74,0.088,1,"S&G",10,1,0.82,"basic",2836,2325,859,310,2015,0
"Scotland",2019,0.33,"ever",1984,0.088,0.74,0,0,"S&G",10,1,0.82,"basic",1131,927,343,142,785,0
"Scotland",2019,0.33,"ever",1984,0.088,0.74,0.022,0.25,"S&G",10,1,0.82,"basic",1557,1277,472,184,1092,0
"Scotland",2019,0.33,"ever",1984,0.088,0.74,0.044,0.5,"S&G",10,1,0.82,"basic",1983,1626,601,226,1400,0
"Scotland",2019,0.33,"ever",1984,0.088,0.74,0.088,1,"S&G",10,1,0.82,"basic",2836,2325,859,310,2015,0
"Scotland",2019,0.33,"ever",1985,0.088,0.74,0,0,"S&G",10,1,0.82,"basic",1161,952,352,146,806,0
"Scotland",2019,0.33,"ever",1985,0.088,0.74,0.022,0.25,"S&G",10,1,0.82,"basic",1580,1295,479,187,1108,0
"Scotland",2019,0.33,"ever",1985,0.088,0.74,0.044,0.5,"S&G",10,1,0.82,"basic",1998,1639,606,228,1411,0
"Scotland",2019,0.33,"ever",1985,0.088,0.74,0.088,1,"S&G",10,1,0.82,"basic",2836,2325,859,310,2015,0
"Scotland",2019,0.67,"ever",1984,0.088,0.74,0,0,"S&G",10,1,0.82,"age",1438,1179,436,167,1012,0
"Scotland",2019,0.67,"ever",1984,0.088,0.74,0.022,0.25,"S&G",10,1,0.82,"age",1787,1465,542,199,1266,0
"Scotland",2019,0.67,"ever",1984,0.088,0.74,0.044,0.5,"S&G",10,1,0.82,"age",2137,1752,648,232,1520,0
"Scotland",2019,0.67,"ever",1984,0.088,0.74,0.088,1,"S&G",10,1,0.82,"age",2836,2325,859,297,2028,0
"Scotland",2019,0.67,"ever",1985,0.088,0.74,0,0,"S&G",10,1,0.82,"age",1562,1281,473,181,1100,0
"Scotland",2019,0.67,"ever",1985,0.088,0.74,0.022,0.25,"S&G",10,1,0.82,"age",1880,1542,570,210,1332,0
"Scotland",2019,0.67,"ever",1985,0.088,0.74,0.044,0.5,"S&G",10,1,0.82,"age",2199,1803,666,239,1564,0
"Scotland",2019,0.67,"ever",1985,0.088,0.74,0.088,1,"S&G",10,1,0.82,"age",2836,2325,859,297,2028,0
"Scotland",2019,0.33,"ever",1984,0.088,0.74,0,0,"S&G",10,1,0.82,"age",1131,927,343,136,791,0
"Scotland",2019,0.33,"ever",1984,0.088,0.74,0.022,0.25,"S&G",10,1,0.82,"age",1557,1277,472,176,1100,0
"Scotland",2019,0.33,"ever",1984,0.088,0.74,0.044,0.5,"S&G",10,1,0.82,"age",1983,1626,601,217,1410,0
"Scotland",2019,0.33,"ever",1984,0.088,0.74,0.088,1,"S&G",10,1,0.82,"age",2836,2325,859,297,2028,0
"Scotland",2019,0.33,"ever",1985,0.088,0.74,0,0,"S&G",10,1,0.82,"age",1161,952,352,140,812,0
"Scotland",2019,0.33,"ever",1985,0.088,0.74,0.022,0.25,"S&G",10,1,0.82,"age",1580,1295,479,179,1116,0
"Scotland",2019,0.33,"ever",1985,0.088,0.74,0.044,0.5,"S&G",10,1,0.82,"age",1998,1639,606,218,1420,0
"Scotland",2019,0.33,"ever",1985,0.088,0.74,0.088,1,"S&G",10,1,0.82,"age",2836,2325,859,297,2028,0
"Scotland",2019,0.67,"ever",1984,0.088,0.74,0,0,"S&G",10,1,0.82,"none",1438,1179,436,180,999,0
"Scotland",2019,0.67,"ever",1984,0.088,0.74,0.022,0.25,"S&G",10,1,0.82,"none",1787,1465,542,214,1251,0
"Scotland",2019,0.67,"ever",1984,0.088,0.74,0.044,0.5,"S&G",10,1,0.82,"none",2137,1752,648,249,1503,0
"Scotland",2019,0.67,"ever",1984,0.088,0.74,0.088,1,"S&G",10,1,0.82,"none",2836,2325,859,318,2007,0
"Scotland",2019,0.67,"ever",1985,0.088,0.74,0,0,"S&G",10,1,0.82,"none",1562,1281,473,195,1086,0
"Scotland",2019,0.67,"ever",1985,0.088,0.74,0.022,0.25,"S&G",10,1,0.82,"none",1880,1542,570,226,1316,0
"Scotland",2019,0.67,"ever",1985,0.088,0.74,0.044,0.5,"S&G",10,1,0.82,"none",2199,1803,666,256,1547,0
"Scotland",2019,0.67,"ever",1985,0.088,0.74,0.088,1,"S&G",10,1,0.82,"none",2836,2325,859,318,2007,0
"Scotland",2019,0.33,"ever",1984,0.088,0.74,0,0,"S&G",10,1,0.82,"none",1131,927,343,147,780,0
"Scotland",2019,0.33,"ever",1984,0.088,0.74,0.022,0.25,"S&G",10,1,0.82,"none",1557,1277,472,190,1087,0
"Scotland",2019,0.33,"ever",1984,0.088,0.74,0.044,0.5,"S&G",10,1,0.82,"none",1983,1626,601,233,1394,0
"Scotland",2019,0.33,"ever",1984,0.088,0.74,0.088,1,"S&G",10,1,0.82,"none",2836,2325,859,318,2007,0
"Scotland",2019,0.33,"ever",1985,0.088,0.74,0,0,"S&G",10,1,0.82,"none",1161,952,352,151,801,0
"Scotland",2019,0.33,"ever",1985,0.088,0.74,0.022,0.25,"S&G",10,1,0.82,"none",1580,1295,479,192,1103,0
"Scotland",2019,0.33,"ever",1985,0.088,0.74,0.044,0.5,"S&G",10,1,0.82,"none",1998,1639,606,234,1404,0
"Scotland",2019,0.33,"ever",1985,0.088,0.74,0.088,1,"S&G",10,1,0.82,"none",2836,2325,859,318,2007,0
